,Grid,LAT,LON
0,0,10.34688527401706,-85.36860824891795
1,1,10.34688527401706,-85.36870027145925
2,2,10.34688527401706,-85.36879229400056
3,3,10.34688527401706,-85.36888431654185
4,4,10.34688527401706,-85.36897633908315
5,5,10.34688527401706,-85.36906836162446
6,6,10.34688527401706,-85.36916038416575
7,7,10.34688527401706,-85.36925240670705
8,8,10.34688527401706,-85.36934442924836
9,9,10.34688527401706,-85.36943645178965
10,10,10.34688527401706,-85.36952847433095
11,11,10.34688527401706,-85.36962049687224
12,12,10.34688527401706,-85.36971251941355
13,13,10.34688527401706,-85.36980454195485
14,14,10.34688527401706,-85.36989656449614
15,15,10.34688527401706,-85.36998858703745
16,16,10.34688527401706,-85.37008060957875
17,17,10.34688527401706,-85.37017263212005
18,18,10.34688527401706,-85.37026465466136
19,19,10.34688527401706,-85.37035667720265
20,20,10.34688527401706,-85.37044869974395
21,21,10.34688527401706,-85.37054072228526
22,22,10.34688527401706,-85.37063274482655
23,23,10.34688527401706,-85.37072476736785
24,24,10.34688527401706,-85.37081678990916
25,25,10.34688527401706,-85.37090881245045
26,26,10.34688527401706,-85.37100083499175
27,27,10.34688527401706,-85.37109285753306
28,28,10.34688527401706,-85.37118488007435
29,29,10.34688527401706,-85.37127690261565
30,30,10.34688527401706,-85.37136892515696
31,31,10.34688527401706,-85.37146094769825
32,32,10.34688527401706,-85.37155297023955
33,33,10.34688527401706,-85.37164499278084
34,34,10.34688527401706,-85.37173701532215
35,35,10.34688527401706,-85.37182903786345
36,36,10.34688527401706,-85.37192106040474
37,37,10.34688527401706,-85.37201308294605
38,38,10.34688527401706,-85.37210510548735
39,39,10.34688527401706,-85.37219712802865
40,40,10.34688527401706,-85.37228915056996
41,41,10.34688527401706,-85.37238117311125
42,42,10.34679325147576,-85.36860824891795
43,43,10.34679325147576,-85.36870027145925
44,44,10.34679325147576,-85.36879229400056
45,45,10.34679325147576,-85.36888431654185
46,46,10.34679325147576,-85.36897633908315
47,47,10.34679325147576,-85.36906836162446
48,48,10.34679325147576,-85.36916038416575
49,49,10.34679325147576,-85.36925240670705
50,50,10.34679325147576,-85.36934442924836
51,51,10.34679325147576,-85.36943645178965
52,52,10.34679325147576,-85.36952847433095
53,53,10.34679325147576,-85.36962049687224
54,54,10.34679325147576,-85.36971251941355
55,55,10.34679325147576,-85.36980454195485
56,56,10.34679325147576,-85.36989656449614
57,57,10.34679325147576,-85.36998858703745
58,58,10.34679325147576,-85.37008060957875
59,59,10.34679325147576,-85.37017263212005
60,60,10.34679325147576,-85.37026465466136
61,61,10.34679325147576,-85.37035667720265
62,62,10.34679325147576,-85.37044869974395
63,63,10.34679325147576,-85.37054072228526
64,64,10.34679325147576,-85.37063274482655
65,65,10.34679325147576,-85.37072476736785
66,66,10.34679325147576,-85.37081678990916
67,67,10.34679325147576,-85.37090881245045
68,68,10.34679325147576,-85.37100083499175
69,69,10.34679325147576,-85.37109285753306
70,70,10.34679325147576,-85.37118488007435
71,71,10.34679325147576,-85.37127690261565
72,72,10.34679325147576,-85.37136892515696
73,73,10.34679325147576,-85.37146094769825
74,74,10.34679325147576,-85.37155297023955
75,75,10.34679325147576,-85.37164499278084
76,76,10.34679325147576,-85.37173701532215
77,77,10.34679325147576,-85.37182903786345
78,78,10.34679325147576,-85.37192106040474
79,79,10.34679325147576,-85.37201308294605
80,80,10.34679325147576,-85.37210510548735
81,81,10.34679325147576,-85.37219712802865
82,82,10.34679325147576,-85.37228915056996
83,83,10.34679325147576,-85.37238117311125
84,84,10.34670122893446,-85.36860824891795
85,85,10.34670122893446,-85.36870027145925
86,86,10.34670122893446,-85.36879229400056
87,87,10.34670122893446,-85.36888431654185
88,88,10.34670122893446,-85.36897633908315
89,89,10.34670122893446,-85.36906836162446
90,90,10.34670122893446,-85.36916038416575
91,91,10.34670122893446,-85.36925240670705
92,92,10.34670122893446,-85.36934442924836
93,93,10.34670122893446,-85.36943645178965
94,94,10.34670122893446,-85.36952847433095
95,95,10.34670122893446,-85.36962049687224
96,96,10.34670122893446,-85.36971251941355
97,97,10.34670122893446,-85.36980454195485
98,98,10.34670122893446,-85.36989656449614
99,99,10.34670122893446,-85.36998858703745
100,100,10.34670122893446,-85.37008060957875
101,101,10.34670122893446,-85.37017263212005
102,102,10.34670122893446,-85.37026465466136
103,103,10.34670122893446,-85.37035667720265
104,104,10.34670122893446,-85.37044869974395
105,105,10.34670122893446,-85.37054072228526
106,106,10.34670122893446,-85.37063274482655
107,107,10.34670122893446,-85.37072476736785
108,108,10.34670122893446,-85.37081678990916
109,109,10.34670122893446,-85.37090881245045
110,110,10.34670122893446,-85.37100083499175
111,111,10.34670122893446,-85.37109285753306
112,112,10.34670122893446,-85.37118488007435
113,113,10.34670122893446,-85.37127690261565
114,114,10.34670122893446,-85.37136892515696
115,115,10.34670122893446,-85.37146094769825
116,116,10.34670122893446,-85.37155297023955
117,117,10.34670122893446,-85.37164499278084
118,118,10.34670122893446,-85.37173701532215
119,119,10.34670122893446,-85.37182903786345
120,120,10.34670122893446,-85.37192106040474
121,121,10.34670122893446,-85.37201308294605
122,122,10.34670122893446,-85.37210510548735
123,123,10.34670122893446,-85.37219712802865
124,124,10.34670122893446,-85.37228915056996
125,125,10.34670122893446,-85.37238117311125
126,126,10.34660920639316,-85.36860824891795
127,127,10.34660920639316,-85.36870027145925
128,128,10.34660920639316,-85.36879229400056
129,129,10.34660920639316,-85.36888431654185
130,130,10.34660920639316,-85.36897633908315
131,131,10.34660920639316,-85.36906836162446
132,132,10.34660920639316,-85.36916038416575
133,133,10.34660920639316,-85.36925240670705
134,134,10.34660920639316,-85.36934442924836
135,135,10.34660920639316,-85.36943645178965
136,136,10.34660920639316,-85.36952847433095
137,137,10.34660920639316,-85.36962049687224
138,138,10.34660920639316,-85.36971251941355
139,139,10.34660920639316,-85.36980454195485
140,140,10.34660920639316,-85.36989656449614
141,141,10.34660920639316,-85.36998858703745
142,142,10.34660920639316,-85.37008060957875
143,143,10.34660920639316,-85.37017263212005
144,144,10.34660920639316,-85.37026465466136
145,145,10.34660920639316,-85.37035667720265
146,146,10.34660920639316,-85.37044869974395
147,147,10.34660920639316,-85.37054072228526
148,148,10.34660920639316,-85.37063274482655
149,149,10.34660920639316,-85.37072476736785
150,150,10.34660920639316,-85.37081678990916
151,151,10.34660920639316,-85.37090881245045
152,152,10.34660920639316,-85.37100083499175
153,153,10.34660920639316,-85.37109285753306
154,154,10.34660920639316,-85.37118488007435
155,155,10.34660920639316,-85.37127690261565
156,156,10.34660920639316,-85.37136892515696
157,157,10.34660920639316,-85.37146094769825
158,158,10.34660920639316,-85.37155297023955
159,159,10.34660920639316,-85.37164499278084
160,160,10.34660920639316,-85.37173701532215
161,161,10.34660920639316,-85.37182903786345
162,162,10.34660920639316,-85.37192106040474
163,163,10.34660920639316,-85.37201308294605
164,164,10.34660920639316,-85.37210510548735
165,165,10.34660920639316,-85.37219712802865
166,166,10.34660920639316,-85.37228915056996
167,167,10.34660920639316,-85.37238117311125
168,168,10.34651718385186,-85.36860824891795
169,169,10.34651718385186,-85.36870027145925
170,170,10.34651718385186,-85.36879229400056
171,171,10.34651718385186,-85.36888431654185
172,172,10.34651718385186,-85.36897633908315
173,173,10.34651718385186,-85.36906836162446
174,174,10.34651718385186,-85.36916038416575
175,175,10.34651718385186,-85.36925240670705
176,176,10.34651718385186,-85.36934442924836
177,177,10.34651718385186,-85.36943645178965
178,178,10.34651718385186,-85.36952847433095
179,179,10.34651718385186,-85.36962049687224
180,180,10.34651718385186,-85.36971251941355
181,181,10.34651718385186,-85.36980454195485
182,182,10.34651718385186,-85.36989656449614
183,183,10.34651718385186,-85.36998858703745
184,184,10.34651718385186,-85.37008060957875
185,185,10.34651718385186,-85.37017263212005
186,186,10.34651718385186,-85.37026465466136
187,187,10.34651718385186,-85.37035667720265
188,188,10.34651718385186,-85.37044869974395
189,189,10.34651718385186,-85.37054072228526
190,190,10.34651718385186,-85.37063274482655
191,191,10.34651718385186,-85.37072476736785
192,192,10.34651718385186,-85.37081678990916
193,193,10.34651718385186,-85.37090881245045
194,194,10.34651718385186,-85.37100083499175
195,195,10.34651718385186,-85.37109285753306
196,196,10.34651718385186,-85.37118488007435
197,197,10.34651718385186,-85.37127690261565
198,198,10.34651718385186,-85.37136892515696
199,199,10.34651718385186,-85.37146094769825
200,200,10.34651718385186,-85.37155297023955
201,201,10.34651718385186,-85.37164499278084
202,202,10.34651718385186,-85.37173701532215
203,203,10.34651718385186,-85.37182903786345
204,204,10.34651718385186,-85.37192106040474
205,205,10.34651718385186,-85.37201308294605
206,206,10.34651718385186,-85.37210510548735
207,207,10.34651718385186,-85.37219712802865
208,208,10.34651718385186,-85.37228915056996
209,209,10.34651718385186,-85.37238117311125
210,210,10.34642516131056,-85.36860824891795
211,211,10.34642516131056,-85.36870027145925
212,212,10.34642516131056,-85.36879229400056
213,213,10.34642516131056,-85.36888431654185
214,214,10.34642516131056,-85.36897633908315
215,215,10.34642516131056,-85.36906836162446
216,216,10.34642516131056,-85.36916038416575
217,217,10.34642516131056,-85.36925240670705
218,218,10.34642516131056,-85.36934442924836
219,219,10.34642516131056,-85.36943645178965
220,220,10.34642516131056,-85.36952847433095
221,221,10.34642516131056,-85.36962049687224
222,222,10.34642516131056,-85.36971251941355
223,223,10.34642516131056,-85.36980454195485
224,224,10.34642516131056,-85.36989656449614
225,225,10.34642516131056,-85.36998858703745
226,226,10.34642516131056,-85.37008060957875
227,227,10.34642516131056,-85.37017263212005
228,228,10.34642516131056,-85.37026465466136
229,229,10.34642516131056,-85.37035667720265
230,230,10.34642516131056,-85.37044869974395
231,231,10.34642516131056,-85.37054072228526
232,232,10.34642516131056,-85.37063274482655
233,233,10.34642516131056,-85.37072476736785
234,234,10.34642516131056,-85.37081678990916
235,235,10.34642516131056,-85.37090881245045
236,236,10.34642516131056,-85.37100083499175
237,237,10.34642516131056,-85.37109285753306
238,238,10.34642516131056,-85.37118488007435
239,239,10.34642516131056,-85.37127690261565
240,240,10.34642516131056,-85.37136892515696
241,241,10.34642516131056,-85.37146094769825
242,242,10.34642516131056,-85.37155297023955
243,243,10.34642516131056,-85.37164499278084
244,244,10.34642516131056,-85.37173701532215
245,245,10.34642516131056,-85.37182903786345
246,246,10.34642516131056,-85.37192106040474
247,247,10.34642516131056,-85.37201308294605
248,248,10.34642516131056,-85.37210510548735
249,249,10.34642516131056,-85.37219712802865
250,250,10.34642516131056,-85.37228915056996
251,251,10.34642516131056,-85.37238117311125
252,252,10.34633313876926,-85.36860824891795
253,253,10.34633313876926,-85.36870027145925
254,254,10.34633313876926,-85.36879229400056
255,255,10.34633313876926,-85.36888431654185
256,256,10.34633313876926,-85.36897633908315
257,257,10.34633313876926,-85.36906836162446
258,258,10.34633313876926,-85.36916038416575
259,259,10.34633313876926,-85.36925240670705
260,260,10.34633313876926,-85.36934442924836
261,261,10.34633313876926,-85.36943645178965
262,262,10.34633313876926,-85.36952847433095
263,263,10.34633313876926,-85.36962049687224
264,264,10.34633313876926,-85.36971251941355
265,265,10.34633313876926,-85.36980454195485
266,266,10.34633313876926,-85.36989656449614
267,267,10.34633313876926,-85.36998858703745
268,268,10.34633313876926,-85.37008060957875
269,269,10.34633313876926,-85.37017263212005
270,270,10.34633313876926,-85.37026465466136
271,271,10.34633313876926,-85.37035667720265
272,272,10.34633313876926,-85.37044869974395
273,273,10.34633313876926,-85.37054072228526
274,274,10.34633313876926,-85.37063274482655
275,275,10.34633313876926,-85.37072476736785
276,276,10.34633313876926,-85.37081678990916
277,277,10.34633313876926,-85.37090881245045
278,278,10.34633313876926,-85.37100083499175
279,279,10.34633313876926,-85.37109285753306
280,280,10.34633313876926,-85.37118488007435
281,281,10.34633313876926,-85.37127690261565
282,282,10.34633313876926,-85.37136892515696
283,283,10.34633313876926,-85.37146094769825
284,284,10.34633313876926,-85.37155297023955
285,285,10.34633313876926,-85.37164499278084
286,286,10.34633313876926,-85.37173701532215
287,287,10.34633313876926,-85.37182903786345
288,288,10.34633313876926,-85.37192106040474
289,289,10.34633313876926,-85.37201308294605
290,290,10.34633313876926,-85.37210510548735
291,291,10.34633313876926,-85.37219712802865
292,292,10.34633313876926,-85.37228915056996
293,293,10.34633313876926,-85.37238117311125
294,294,10.34624111622796,-85.36860824891795
295,295,10.34624111622796,-85.36870027145925
296,296,10.34624111622796,-85.36879229400056
297,297,10.34624111622796,-85.36888431654185
298,298,10.34624111622796,-85.36897633908315
299,299,10.34624111622796,-85.36906836162446
300,300,10.34624111622796,-85.36916038416575
301,301,10.34624111622796,-85.36925240670705
302,302,10.34624111622796,-85.36934442924836
303,303,10.34624111622796,-85.36943645178965
304,304,10.34624111622796,-85.36952847433095
305,305,10.34624111622796,-85.36962049687224
306,306,10.34624111622796,-85.36971251941355
307,307,10.34624111622796,-85.36980454195485
308,308,10.34624111622796,-85.36989656449614
309,309,10.34624111622796,-85.36998858703745
310,310,10.34624111622796,-85.37008060957875
311,311,10.34624111622796,-85.37017263212005
312,312,10.34624111622796,-85.37026465466136
313,313,10.34624111622796,-85.37035667720265
314,314,10.34624111622796,-85.37044869974395
315,315,10.34624111622796,-85.37054072228526
316,316,10.34624111622796,-85.37063274482655
317,317,10.34624111622796,-85.37072476736785
318,318,10.34624111622796,-85.37081678990916
319,319,10.34624111622796,-85.37090881245045
320,320,10.34624111622796,-85.37100083499175
321,321,10.34624111622796,-85.37109285753306
322,322,10.34624111622796,-85.37118488007435
323,323,10.34624111622796,-85.37127690261565
324,324,10.34624111622796,-85.37136892515696
325,325,10.34624111622796,-85.37146094769825
326,326,10.34624111622796,-85.37155297023955
327,327,10.34624111622796,-85.37164499278084
328,328,10.34624111622796,-85.37173701532215
329,329,10.34624111622796,-85.37182903786345
330,330,10.34624111622796,-85.37192106040474
331,331,10.34624111622796,-85.37201308294605
332,332,10.34624111622796,-85.37210510548735
333,333,10.34624111622796,-85.37219712802865
334,334,10.34624111622796,-85.37228915056996
335,335,10.34624111622796,-85.37238117311125
336,336,10.34614909368666,-85.36860824891795
337,337,10.34614909368666,-85.36870027145925
338,338,10.34614909368666,-85.36879229400056
339,339,10.34614909368666,-85.36888431654185
340,340,10.34614909368666,-85.36897633908315
341,341,10.34614909368666,-85.36906836162446
342,342,10.34614909368666,-85.36916038416575
343,343,10.34614909368666,-85.36925240670705
344,344,10.34614909368666,-85.36934442924836
345,345,10.34614909368666,-85.36943645178965
346,346,10.34614909368666,-85.36952847433095
347,347,10.34614909368666,-85.36962049687224
348,348,10.34614909368666,-85.36971251941355
349,349,10.34614909368666,-85.36980454195485
350,350,10.34614909368666,-85.36989656449614
351,351,10.34614909368666,-85.36998858703745
352,352,10.34614909368666,-85.37008060957875
353,353,10.34614909368666,-85.37017263212005
354,354,10.34614909368666,-85.37026465466136
355,355,10.34614909368666,-85.37035667720265
356,356,10.34614909368666,-85.37044869974395
357,357,10.34614909368666,-85.37054072228526
358,358,10.34614909368666,-85.37063274482655
359,359,10.34614909368666,-85.37072476736785
360,360,10.34614909368666,-85.37081678990916
361,361,10.34614909368666,-85.37090881245045
362,362,10.34614909368666,-85.37100083499175
363,363,10.34614909368666,-85.37109285753306
364,364,10.34614909368666,-85.37118488007435
365,365,10.34614909368666,-85.37127690261565
366,366,10.34614909368666,-85.37136892515696
367,367,10.34614909368666,-85.37146094769825
368,368,10.34614909368666,-85.37155297023955
369,369,10.34614909368666,-85.37164499278084
370,370,10.34614909368666,-85.37173701532215
371,371,10.34614909368666,-85.37182903786345
372,372,10.34614909368666,-85.37192106040474
373,373,10.34614909368666,-85.37201308294605
374,374,10.34614909368666,-85.37210510548735
375,375,10.34614909368666,-85.37219712802865
376,376,10.34614909368666,-85.37228915056996
377,377,10.34614909368666,-85.37238117311125
378,378,10.34605707114536,-85.36860824891795
379,379,10.34605707114536,-85.36870027145925
380,380,10.34605707114536,-85.36879229400056
381,381,10.34605707114536,-85.36888431654185
382,382,10.34605707114536,-85.36897633908315
383,383,10.34605707114536,-85.36906836162446
384,384,10.34605707114536,-85.36916038416575
385,385,10.34605707114536,-85.36925240670705
386,386,10.34605707114536,-85.36934442924836
387,387,10.34605707114536,-85.36943645178965
388,388,10.34605707114536,-85.36952847433095
389,389,10.34605707114536,-85.36962049687224
390,390,10.34605707114536,-85.36971251941355
391,391,10.34605707114536,-85.36980454195485
392,392,10.34605707114536,-85.36989656449614
393,393,10.34605707114536,-85.36998858703745
394,394,10.34605707114536,-85.37008060957875
395,395,10.34605707114536,-85.37017263212005
396,396,10.34605707114536,-85.37026465466136
397,397,10.34605707114536,-85.37035667720265
398,398,10.34605707114536,-85.37044869974395
399,399,10.34605707114536,-85.37054072228526
400,400,10.34605707114536,-85.37063274482655
401,401,10.34605707114536,-85.37072476736785
402,402,10.34605707114536,-85.37081678990916
403,403,10.34605707114536,-85.37090881245045
404,404,10.34605707114536,-85.37100083499175
405,405,10.34605707114536,-85.37109285753306
406,406,10.34605707114536,-85.37118488007435
407,407,10.34605707114536,-85.37127690261565
408,408,10.34605707114536,-85.37136892515696
409,409,10.34605707114536,-85.37146094769825
410,410,10.34605707114536,-85.37155297023955
411,411,10.34605707114536,-85.37164499278084
412,412,10.34605707114536,-85.37173701532215
413,413,10.34605707114536,-85.37182903786345
414,414,10.34605707114536,-85.37192106040474
415,415,10.34605707114536,-85.37201308294605
416,416,10.34605707114536,-85.37210510548735
417,417,10.34605707114536,-85.37219712802865
418,418,10.34605707114536,-85.37228915056996
419,419,10.34605707114536,-85.37238117311125
420,420,10.345965048604059,-85.36860824891795
421,421,10.345965048604059,-85.36870027145925
422,422,10.345965048604059,-85.36879229400056
423,423,10.345965048604059,-85.36888431654185
424,424,10.345965048604059,-85.36897633908315
425,425,10.345965048604059,-85.36906836162446
426,426,10.345965048604059,-85.36916038416575
427,427,10.345965048604059,-85.36925240670705
428,428,10.345965048604059,-85.36934442924836
429,429,10.345965048604059,-85.36943645178965
430,430,10.345965048604059,-85.36952847433095
431,431,10.345965048604059,-85.36962049687224
432,432,10.345965048604059,-85.36971251941355
433,433,10.345965048604059,-85.36980454195485
434,434,10.345965048604059,-85.36989656449614
435,435,10.345965048604059,-85.36998858703745
436,436,10.345965048604059,-85.37008060957875
437,437,10.345965048604059,-85.37017263212005
438,438,10.345965048604059,-85.37026465466136
439,439,10.345965048604059,-85.37035667720265
440,440,10.345965048604059,-85.37044869974395
441,441,10.345965048604059,-85.37054072228526
442,442,10.345965048604059,-85.37063274482655
443,443,10.345965048604059,-85.37072476736785
444,444,10.345965048604059,-85.37081678990916
445,445,10.345965048604059,-85.37090881245045
446,446,10.345965048604059,-85.37100083499175
447,447,10.345965048604059,-85.37109285753306
448,448,10.345965048604059,-85.37118488007435
449,449,10.345965048604059,-85.37127690261565
450,450,10.345965048604059,-85.37136892515696
451,451,10.345965048604059,-85.37146094769825
452,452,10.345965048604059,-85.37155297023955
453,453,10.345965048604059,-85.37164499278084
454,454,10.345965048604059,-85.37173701532215
455,455,10.345965048604059,-85.37182903786345
456,456,10.345965048604059,-85.37192106040474
457,457,10.345965048604059,-85.37201308294605
458,458,10.345965048604059,-85.37210510548735
459,459,10.345965048604059,-85.37219712802865
460,460,10.345965048604059,-85.37228915056996
461,461,10.345965048604059,-85.37238117311125
462,462,10.34587302606276,-85.36860824891795
463,463,10.34587302606276,-85.36870027145925
464,464,10.34587302606276,-85.36879229400056
465,465,10.34587302606276,-85.36888431654185
466,466,10.34587302606276,-85.36897633908315
467,467,10.34587302606276,-85.36906836162446
468,468,10.34587302606276,-85.36916038416575
469,469,10.34587302606276,-85.36925240670705
470,470,10.34587302606276,-85.36934442924836
471,471,10.34587302606276,-85.36943645178965
472,472,10.34587302606276,-85.36952847433095
473,473,10.34587302606276,-85.36962049687224
474,474,10.34587302606276,-85.36971251941355
475,475,10.34587302606276,-85.36980454195485
476,476,10.34587302606276,-85.36989656449614
477,477,10.34587302606276,-85.36998858703745
478,478,10.34587302606276,-85.37008060957875
479,479,10.34587302606276,-85.37017263212005
480,480,10.34587302606276,-85.37026465466136
481,481,10.34587302606276,-85.37035667720265
482,482,10.34587302606276,-85.37044869974395
483,483,10.34587302606276,-85.37054072228526
484,484,10.34587302606276,-85.37063274482655
485,485,10.34587302606276,-85.37072476736785
486,486,10.34587302606276,-85.37081678990916
487,487,10.34587302606276,-85.37090881245045
488,488,10.34587302606276,-85.37100083499175
489,489,10.34587302606276,-85.37109285753306
490,490,10.34587302606276,-85.37118488007435
491,491,10.34587302606276,-85.37127690261565
492,492,10.34587302606276,-85.37136892515696
493,493,10.34587302606276,-85.37146094769825
494,494,10.34587302606276,-85.37155297023955
495,495,10.34587302606276,-85.37164499278084
496,496,10.34587302606276,-85.37173701532215
497,497,10.34587302606276,-85.37182903786345
498,498,10.34587302606276,-85.37192106040474
499,499,10.34587302606276,-85.37201308294605
500,500,10.34587302606276,-85.37210510548735
501,501,10.34587302606276,-85.37219712802865
502,502,10.34587302606276,-85.37228915056996
503,503,10.34587302606276,-85.37238117311125
504,504,10.34578100352146,-85.36860824891795
505,505,10.34578100352146,-85.36870027145925
506,506,10.34578100352146,-85.36879229400056
507,507,10.34578100352146,-85.36888431654185
508,508,10.34578100352146,-85.36897633908315
509,509,10.34578100352146,-85.36906836162446
510,510,10.34578100352146,-85.36916038416575
511,511,10.34578100352146,-85.36925240670705
512,512,10.34578100352146,-85.36934442924836
513,513,10.34578100352146,-85.36943645178965
514,514,10.34578100352146,-85.36952847433095
515,515,10.34578100352146,-85.36962049687224
516,516,10.34578100352146,-85.36971251941355
517,517,10.34578100352146,-85.36980454195485
518,518,10.34578100352146,-85.36989656449614
519,519,10.34578100352146,-85.36998858703745
520,520,10.34578100352146,-85.37008060957875
521,521,10.34578100352146,-85.37017263212005
522,522,10.34578100352146,-85.37026465466136
523,523,10.34578100352146,-85.37035667720265
524,524,10.34578100352146,-85.37044869974395
525,525,10.34578100352146,-85.37054072228526
526,526,10.34578100352146,-85.37063274482655
527,527,10.34578100352146,-85.37072476736785
528,528,10.34578100352146,-85.37081678990916
529,529,10.34578100352146,-85.37090881245045
530,530,10.34578100352146,-85.37100083499175
531,531,10.34578100352146,-85.37109285753306
532,532,10.34578100352146,-85.37118488007435
533,533,10.34578100352146,-85.37127690261565
534,534,10.34578100352146,-85.37136892515696
535,535,10.34578100352146,-85.37146094769825
536,536,10.34578100352146,-85.37155297023955
537,537,10.34578100352146,-85.37164499278084
538,538,10.34578100352146,-85.37173701532215
539,539,10.34578100352146,-85.37182903786345
540,540,10.34578100352146,-85.37192106040474
541,541,10.34578100352146,-85.37201308294605
542,542,10.34578100352146,-85.37210510548735
543,543,10.34578100352146,-85.37219712802865
544,544,10.34578100352146,-85.37228915056996
545,545,10.34578100352146,-85.37238117311125
546,546,10.34568898098016,-85.36860824891795
547,547,10.34568898098016,-85.36870027145925
548,548,10.34568898098016,-85.36879229400056
549,549,10.34568898098016,-85.36888431654185
550,550,10.34568898098016,-85.36897633908315
551,551,10.34568898098016,-85.36906836162446
552,552,10.34568898098016,-85.36916038416575
553,553,10.34568898098016,-85.36925240670705
554,554,10.34568898098016,-85.36934442924836
555,555,10.34568898098016,-85.36943645178965
556,556,10.34568898098016,-85.36952847433095
557,557,10.34568898098016,-85.36962049687224
558,558,10.34568898098016,-85.36971251941355
559,559,10.34568898098016,-85.36980454195485
560,560,10.34568898098016,-85.36989656449614
561,561,10.34568898098016,-85.36998858703745
562,562,10.34568898098016,-85.37008060957875
563,563,10.34568898098016,-85.37017263212005
564,564,10.34568898098016,-85.37026465466136
565,565,10.34568898098016,-85.37035667720265
566,566,10.34568898098016,-85.37044869974395
567,567,10.34568898098016,-85.37054072228526
568,568,10.34568898098016,-85.37063274482655
569,569,10.34568898098016,-85.37072476736785
570,570,10.34568898098016,-85.37081678990916
571,571,10.34568898098016,-85.37090881245045
572,572,10.34568898098016,-85.37100083499175
573,573,10.34568898098016,-85.37109285753306
574,574,10.34568898098016,-85.37118488007435
575,575,10.34568898098016,-85.37127690261565
576,576,10.34568898098016,-85.37136892515696
577,577,10.34568898098016,-85.37146094769825
578,578,10.34568898098016,-85.37155297023955
579,579,10.34568898098016,-85.37164499278084
580,580,10.34568898098016,-85.37173701532215
581,581,10.34568898098016,-85.37182903786345
582,582,10.34568898098016,-85.37192106040474
583,583,10.34568898098016,-85.37201308294605
584,584,10.34568898098016,-85.37210510548735
585,585,10.34568898098016,-85.37219712802865
586,586,10.34568898098016,-85.37228915056996
587,587,10.34568898098016,-85.37238117311125
588,588,10.34559695843886,-85.36860824891795
589,589,10.34559695843886,-85.36870027145925
590,590,10.34559695843886,-85.36879229400056
591,591,10.34559695843886,-85.36888431654185
592,592,10.34559695843886,-85.36897633908315
593,593,10.34559695843886,-85.36906836162446
594,594,10.34559695843886,-85.36916038416575
595,595,10.34559695843886,-85.36925240670705
596,596,10.34559695843886,-85.36934442924836
597,597,10.34559695843886,-85.36943645178965
598,598,10.34559695843886,-85.36952847433095
599,599,10.34559695843886,-85.36962049687224
600,600,10.34559695843886,-85.36971251941355
601,601,10.34559695843886,-85.36980454195485
602,602,10.34559695843886,-85.36989656449614
603,603,10.34559695843886,-85.36998858703745
604,604,10.34559695843886,-85.37008060957875
605,605,10.34559695843886,-85.37017263212005
606,606,10.34559695843886,-85.37026465466136
607,607,10.34559695843886,-85.37035667720265
608,608,10.34559695843886,-85.37044869974395
609,609,10.34559695843886,-85.37054072228526
610,610,10.34559695843886,-85.37063274482655
611,611,10.34559695843886,-85.37072476736785
612,612,10.34559695843886,-85.37081678990916
613,613,10.34559695843886,-85.37090881245045
614,614,10.34559695843886,-85.37100083499175
615,615,10.34559695843886,-85.37109285753306
616,616,10.34559695843886,-85.37118488007435
617,617,10.34559695843886,-85.37127690261565
618,618,10.34559695843886,-85.37136892515696
619,619,10.34559695843886,-85.37146094769825
620,620,10.34559695843886,-85.37155297023955
621,621,10.34559695843886,-85.37164499278084
622,622,10.34559695843886,-85.37173701532215
623,623,10.34559695843886,-85.37182903786345
624,624,10.34559695843886,-85.37192106040474
625,625,10.34559695843886,-85.37201308294605
626,626,10.34559695843886,-85.37210510548735
627,627,10.34559695843886,-85.37219712802865
628,628,10.34559695843886,-85.37228915056996
629,629,10.34559695843886,-85.37238117311125
630,630,10.34550493589756,-85.36860824891795
631,631,10.34550493589756,-85.36870027145925
632,632,10.34550493589756,-85.36879229400056
633,633,10.34550493589756,-85.36888431654185
634,634,10.34550493589756,-85.36897633908315
635,635,10.34550493589756,-85.36906836162446
636,636,10.34550493589756,-85.36916038416575
637,637,10.34550493589756,-85.36925240670705
638,638,10.34550493589756,-85.36934442924836
639,639,10.34550493589756,-85.36943645178965
640,640,10.34550493589756,-85.36952847433095
641,641,10.34550493589756,-85.36962049687224
642,642,10.34550493589756,-85.36971251941355
643,643,10.34550493589756,-85.36980454195485
644,644,10.34550493589756,-85.36989656449614
645,645,10.34550493589756,-85.36998858703745
646,646,10.34550493589756,-85.37008060957875
647,647,10.34550493589756,-85.37017263212005
648,648,10.34550493589756,-85.37026465466136
649,649,10.34550493589756,-85.37035667720265
650,650,10.34550493589756,-85.37044869974395
651,651,10.34550493589756,-85.37054072228526
652,652,10.34550493589756,-85.37063274482655
653,653,10.34550493589756,-85.37072476736785
654,654,10.34550493589756,-85.37081678990916
655,655,10.34550493589756,-85.37090881245045
656,656,10.34550493589756,-85.37100083499175
657,657,10.34550493589756,-85.37109285753306
658,658,10.34550493589756,-85.37118488007435
659,659,10.34550493589756,-85.37127690261565
660,660,10.34550493589756,-85.37136892515696
661,661,10.34550493589756,-85.37146094769825
662,662,10.34550493589756,-85.37155297023955
663,663,10.34550493589756,-85.37164499278084
664,664,10.34550493589756,-85.37173701532215
665,665,10.34550493589756,-85.37182903786345
666,666,10.34550493589756,-85.37192106040474
667,667,10.34550493589756,-85.37201308294605
668,668,10.34550493589756,-85.37210510548735
669,669,10.34550493589756,-85.37219712802865
670,670,10.34550493589756,-85.37228915056996
671,671,10.34550493589756,-85.37238117311125
672,672,10.34541291335626,-85.36860824891795
673,673,10.34541291335626,-85.36870027145925
674,674,10.34541291335626,-85.36879229400056
675,675,10.34541291335626,-85.36888431654185
676,676,10.34541291335626,-85.36897633908315
677,677,10.34541291335626,-85.36906836162446
678,678,10.34541291335626,-85.36916038416575
679,679,10.34541291335626,-85.36925240670705
680,680,10.34541291335626,-85.36934442924836
681,681,10.34541291335626,-85.36943645178965
682,682,10.34541291335626,-85.36952847433095
683,683,10.34541291335626,-85.36962049687224
684,684,10.34541291335626,-85.36971251941355
685,685,10.34541291335626,-85.36980454195485
686,686,10.34541291335626,-85.36989656449614
687,687,10.34541291335626,-85.36998858703745
688,688,10.34541291335626,-85.37008060957875
689,689,10.34541291335626,-85.37017263212005
690,690,10.34541291335626,-85.37026465466136
691,691,10.34541291335626,-85.37035667720265
692,692,10.34541291335626,-85.37044869974395
693,693,10.34541291335626,-85.37054072228526
694,694,10.34541291335626,-85.37063274482655
695,695,10.34541291335626,-85.37072476736785
696,696,10.34541291335626,-85.37081678990916
697,697,10.34541291335626,-85.37090881245045
698,698,10.34541291335626,-85.37100083499175
699,699,10.34541291335626,-85.37109285753306
700,700,10.34541291335626,-85.37118488007435
701,701,10.34541291335626,-85.37127690261565
702,702,10.34541291335626,-85.37136892515696
703,703,10.34541291335626,-85.37146094769825
704,704,10.34541291335626,-85.37155297023955
705,705,10.34541291335626,-85.37164499278084
706,706,10.34541291335626,-85.37173701532215
707,707,10.34541291335626,-85.37182903786345
708,708,10.34541291335626,-85.37192106040474
709,709,10.34541291335626,-85.37201308294605
710,710,10.34541291335626,-85.37210510548735
711,711,10.34541291335626,-85.37219712802865
712,712,10.34541291335626,-85.37228915056996
713,713,10.34541291335626,-85.37238117311125
714,714,10.345320890814959,-85.36860824891795
715,715,10.345320890814959,-85.36870027145925
716,716,10.345320890814959,-85.36879229400056
717,717,10.345320890814959,-85.36888431654185
718,718,10.345320890814959,-85.36897633908315
719,719,10.345320890814959,-85.36906836162446
720,720,10.345320890814959,-85.36916038416575
721,721,10.345320890814959,-85.36925240670705
722,722,10.345320890814959,-85.36934442924836
723,723,10.345320890814959,-85.36943645178965
724,724,10.345320890814959,-85.36952847433095
725,725,10.345320890814959,-85.36962049687224
726,726,10.345320890814959,-85.36971251941355
727,727,10.345320890814959,-85.36980454195485
728,728,10.345320890814959,-85.36989656449614
729,729,10.345320890814959,-85.36998858703745
730,730,10.345320890814959,-85.37008060957875
731,731,10.345320890814959,-85.37017263212005
732,732,10.345320890814959,-85.37026465466136
733,733,10.345320890814959,-85.37035667720265
734,734,10.345320890814959,-85.37044869974395
735,735,10.345320890814959,-85.37054072228526
736,736,10.345320890814959,-85.37063274482655
737,737,10.345320890814959,-85.37072476736785
738,738,10.345320890814959,-85.37081678990916
739,739,10.345320890814959,-85.37090881245045
740,740,10.345320890814959,-85.37100083499175
741,741,10.345320890814959,-85.37109285753306
742,742,10.345320890814959,-85.37118488007435
743,743,10.345320890814959,-85.37127690261565
744,744,10.345320890814959,-85.37136892515696
745,745,10.345320890814959,-85.37146094769825
746,746,10.345320890814959,-85.37155297023955
747,747,10.345320890814959,-85.37164499278084
748,748,10.345320890814959,-85.37173701532215
749,749,10.345320890814959,-85.37182903786345
750,750,10.345320890814959,-85.37192106040474
751,751,10.345320890814959,-85.37201308294605
752,752,10.345320890814959,-85.37210510548735
753,753,10.345320890814959,-85.37219712802865
754,754,10.345320890814959,-85.37228915056996
755,755,10.345320890814959,-85.37238117311125
756,756,10.34522886827366,-85.36860824891795
757,757,10.34522886827366,-85.36870027145925
758,758,10.34522886827366,-85.36879229400056
759,759,10.34522886827366,-85.36888431654185
760,760,10.34522886827366,-85.36897633908315
761,761,10.34522886827366,-85.36906836162446
762,762,10.34522886827366,-85.36916038416575
763,763,10.34522886827366,-85.36925240670705
764,764,10.34522886827366,-85.36934442924836
765,765,10.34522886827366,-85.36943645178965
766,766,10.34522886827366,-85.36952847433095
767,767,10.34522886827366,-85.36962049687224
768,768,10.34522886827366,-85.36971251941355
769,769,10.34522886827366,-85.36980454195485
770,770,10.34522886827366,-85.36989656449614
771,771,10.34522886827366,-85.36998858703745
772,772,10.34522886827366,-85.37008060957875
773,773,10.34522886827366,-85.37017263212005
774,774,10.34522886827366,-85.37026465466136
775,775,10.34522886827366,-85.37035667720265
776,776,10.34522886827366,-85.37044869974395
777,777,10.34522886827366,-85.37054072228526
778,778,10.34522886827366,-85.37063274482655
779,779,10.34522886827366,-85.37072476736785
780,780,10.34522886827366,-85.37081678990916
781,781,10.34522886827366,-85.37090881245045
782,782,10.34522886827366,-85.37100083499175
783,783,10.34522886827366,-85.37109285753306
784,784,10.34522886827366,-85.37118488007435
785,785,10.34522886827366,-85.37127690261565
786,786,10.34522886827366,-85.37136892515696
787,787,10.34522886827366,-85.37146094769825
788,788,10.34522886827366,-85.37155297023955
789,789,10.34522886827366,-85.37164499278084
790,790,10.34522886827366,-85.37173701532215
791,791,10.34522886827366,-85.37182903786345
792,792,10.34522886827366,-85.37192106040474
793,793,10.34522886827366,-85.37201308294605
794,794,10.34522886827366,-85.37210510548735
795,795,10.34522886827366,-85.37219712802865
796,796,10.34522886827366,-85.37228915056996
797,797,10.34522886827366,-85.37238117311125
798,798,10.345136845732359,-85.36860824891795
799,799,10.345136845732359,-85.36870027145925
800,800,10.345136845732359,-85.36879229400056
801,801,10.345136845732359,-85.36888431654185
802,802,10.345136845732359,-85.36897633908315
803,803,10.345136845732359,-85.36906836162446
804,804,10.345136845732359,-85.36916038416575
805,805,10.345136845732359,-85.36925240670705
806,806,10.345136845732359,-85.36934442924836
807,807,10.345136845732359,-85.36943645178965
808,808,10.345136845732359,-85.36952847433095
809,809,10.345136845732359,-85.36962049687224
810,810,10.345136845732359,-85.36971251941355
811,811,10.345136845732359,-85.36980454195485
812,812,10.345136845732359,-85.36989656449614
813,813,10.345136845732359,-85.36998858703745
814,814,10.345136845732359,-85.37008060957875
815,815,10.345136845732359,-85.37017263212005
816,816,10.345136845732359,-85.37026465466136
817,817,10.345136845732359,-85.37035667720265
818,818,10.345136845732359,-85.37044869974395
819,819,10.345136845732359,-85.37054072228526
820,820,10.345136845732359,-85.37063274482655
821,821,10.345136845732359,-85.37072476736785
822,822,10.345136845732359,-85.37081678990916
823,823,10.345136845732359,-85.37090881245045
824,824,10.345136845732359,-85.37100083499175
825,825,10.345136845732359,-85.37109285753306
826,826,10.345136845732359,-85.37118488007435
827,827,10.345136845732359,-85.37127690261565
828,828,10.345136845732359,-85.37136892515696
829,829,10.345136845732359,-85.37146094769825
830,830,10.345136845732359,-85.37155297023955
831,831,10.345136845732359,-85.37164499278084
832,832,10.345136845732359,-85.37173701532215
833,833,10.345136845732359,-85.37182903786345
834,834,10.345136845732359,-85.37192106040474
835,835,10.345136845732359,-85.37201308294605
836,836,10.345136845732359,-85.37210510548735
837,837,10.345136845732359,-85.37219712802865
838,838,10.345136845732359,-85.37228915056996
839,839,10.345136845732359,-85.37238117311125
840,840,10.34504482319106,-85.36860824891795
841,841,10.34504482319106,-85.36870027145925
842,842,10.34504482319106,-85.36879229400056
843,843,10.34504482319106,-85.36888431654185
844,844,10.34504482319106,-85.36897633908315
845,845,10.34504482319106,-85.36906836162446
846,846,10.34504482319106,-85.36916038416575
847,847,10.34504482319106,-85.36925240670705
848,848,10.34504482319106,-85.36934442924836
849,849,10.34504482319106,-85.36943645178965
850,850,10.34504482319106,-85.36952847433095
851,851,10.34504482319106,-85.36962049687224
852,852,10.34504482319106,-85.36971251941355
853,853,10.34504482319106,-85.36980454195485
854,854,10.34504482319106,-85.36989656449614
855,855,10.34504482319106,-85.36998858703745
856,856,10.34504482319106,-85.37008060957875
857,857,10.34504482319106,-85.37017263212005
858,858,10.34504482319106,-85.37026465466136
859,859,10.34504482319106,-85.37035667720265
860,860,10.34504482319106,-85.37044869974395
861,861,10.34504482319106,-85.37054072228526
862,862,10.34504482319106,-85.37063274482655
863,863,10.34504482319106,-85.37072476736785
864,864,10.34504482319106,-85.37081678990916
865,865,10.34504482319106,-85.37090881245045
866,866,10.34504482319106,-85.37100083499175
867,867,10.34504482319106,-85.37109285753306
868,868,10.34504482319106,-85.37118488007435
869,869,10.34504482319106,-85.37127690261565
870,870,10.34504482319106,-85.37136892515696
871,871,10.34504482319106,-85.37146094769825
872,872,10.34504482319106,-85.37155297023955
873,873,10.34504482319106,-85.37164499278084
874,874,10.34504482319106,-85.37173701532215
875,875,10.34504482319106,-85.37182903786345
876,876,10.34504482319106,-85.37192106040474
877,877,10.34504482319106,-85.37201308294605
878,878,10.34504482319106,-85.37210510548735
879,879,10.34504482319106,-85.37219712802865
880,880,10.34504482319106,-85.37228915056996
881,881,10.34504482319106,-85.37238117311125
882,882,10.344952800649759,-85.36860824891795
883,883,10.344952800649759,-85.36870027145925
884,884,10.344952800649759,-85.36879229400056
885,885,10.344952800649759,-85.36888431654185
886,886,10.344952800649759,-85.36897633908315
887,887,10.344952800649759,-85.36906836162446
888,888,10.344952800649759,-85.36916038416575
889,889,10.344952800649759,-85.36925240670705
890,890,10.344952800649759,-85.36934442924836
891,891,10.344952800649759,-85.36943645178965
892,892,10.344952800649759,-85.36952847433095
893,893,10.344952800649759,-85.36962049687224
894,894,10.344952800649759,-85.36971251941355
895,895,10.344952800649759,-85.36980454195485
896,896,10.344952800649759,-85.36989656449614
897,897,10.344952800649759,-85.36998858703745
898,898,10.344952800649759,-85.37008060957875
899,899,10.344952800649759,-85.37017263212005
900,900,10.344952800649759,-85.37026465466136
901,901,10.344952800649759,-85.37035667720265
902,902,10.344952800649759,-85.37044869974395
903,903,10.344952800649759,-85.37054072228526
904,904,10.344952800649759,-85.37063274482655
905,905,10.344952800649759,-85.37072476736785
906,906,10.344952800649759,-85.37081678990916
907,907,10.344952800649759,-85.37090881245045
908,908,10.344952800649759,-85.37100083499175
909,909,10.344952800649759,-85.37109285753306
910,910,10.344952800649759,-85.37118488007435
911,911,10.344952800649759,-85.37127690261565
912,912,10.344952800649759,-85.37136892515696
913,913,10.344952800649759,-85.37146094769825
914,914,10.344952800649759,-85.37155297023955
915,915,10.344952800649759,-85.37164499278084
916,916,10.344952800649759,-85.37173701532215
917,917,10.344952800649759,-85.37182903786345
918,918,10.344952800649759,-85.37192106040474
919,919,10.344952800649759,-85.37201308294605
920,920,10.344952800649759,-85.37210510548735
921,921,10.344952800649759,-85.37219712802865
922,922,10.344952800649759,-85.37228915056996
923,923,10.344952800649759,-85.37238117311125
924,924,10.34486077810846,-85.36860824891795
925,925,10.34486077810846,-85.36870027145925
926,926,10.34486077810846,-85.36879229400056
927,927,10.34486077810846,-85.36888431654185
928,928,10.34486077810846,-85.36897633908315
929,929,10.34486077810846,-85.36906836162446
930,930,10.34486077810846,-85.36916038416575
931,931,10.34486077810846,-85.36925240670705
932,932,10.34486077810846,-85.36934442924836
933,933,10.34486077810846,-85.36943645178965
934,934,10.34486077810846,-85.36952847433095
935,935,10.34486077810846,-85.36962049687224
936,936,10.34486077810846,-85.36971251941355
937,937,10.34486077810846,-85.36980454195485
938,938,10.34486077810846,-85.36989656449614
939,939,10.34486077810846,-85.36998858703745
940,940,10.34486077810846,-85.37008060957875
941,941,10.34486077810846,-85.37017263212005
942,942,10.34486077810846,-85.37026465466136
943,943,10.34486077810846,-85.37035667720265
944,944,10.34486077810846,-85.37044869974395
945,945,10.34486077810846,-85.37054072228526
946,946,10.34486077810846,-85.37063274482655
947,947,10.34486077810846,-85.37072476736785
948,948,10.34486077810846,-85.37081678990916
949,949,10.34486077810846,-85.37090881245045
950,950,10.34486077810846,-85.37100083499175
951,951,10.34486077810846,-85.37109285753306
952,952,10.34486077810846,-85.37118488007435
953,953,10.34486077810846,-85.37127690261565
954,954,10.34486077810846,-85.37136892515696
955,955,10.34486077810846,-85.37146094769825
956,956,10.34486077810846,-85.37155297023955
957,957,10.34486077810846,-85.37164499278084
958,958,10.34486077810846,-85.37173701532215
959,959,10.34486077810846,-85.37182903786345
960,960,10.34486077810846,-85.37192106040474
961,961,10.34486077810846,-85.37201308294605
962,962,10.34486077810846,-85.37210510548735
963,963,10.34486077810846,-85.37219712802865
964,964,10.34486077810846,-85.37228915056996
965,965,10.34486077810846,-85.37238117311125
966,966,10.34476875556716,-85.36860824891795
967,967,10.34476875556716,-85.36870027145925
968,968,10.34476875556716,-85.36879229400056
969,969,10.34476875556716,-85.36888431654185
970,970,10.34476875556716,-85.36897633908315
971,971,10.34476875556716,-85.36906836162446
972,972,10.34476875556716,-85.36916038416575
973,973,10.34476875556716,-85.36925240670705
974,974,10.34476875556716,-85.36934442924836
975,975,10.34476875556716,-85.36943645178965
976,976,10.34476875556716,-85.36952847433095
977,977,10.34476875556716,-85.36962049687224
978,978,10.34476875556716,-85.36971251941355
979,979,10.34476875556716,-85.36980454195485
980,980,10.34476875556716,-85.36989656449614
981,981,10.34476875556716,-85.36998858703745
982,982,10.34476875556716,-85.37008060957875
983,983,10.34476875556716,-85.37017263212005
984,984,10.34476875556716,-85.37026465466136
985,985,10.34476875556716,-85.37035667720265
986,986,10.34476875556716,-85.37044869974395
987,987,10.34476875556716,-85.37054072228526
988,988,10.34476875556716,-85.37063274482655
989,989,10.34476875556716,-85.37072476736785
990,990,10.34476875556716,-85.37081678990916
991,991,10.34476875556716,-85.37090881245045
992,992,10.34476875556716,-85.37100083499175
993,993,10.34476875556716,-85.37109285753306
994,994,10.34476875556716,-85.37118488007435
995,995,10.34476875556716,-85.37127690261565
996,996,10.34476875556716,-85.37136892515696
997,997,10.34476875556716,-85.37146094769825
998,998,10.34476875556716,-85.37155297023955
999,999,10.34476875556716,-85.37164499278084
1000,1000,10.34476875556716,-85.37173701532215
1001,1001,10.34476875556716,-85.37182903786345
1002,1002,10.34476875556716,-85.37192106040474
1003,1003,10.34476875556716,-85.37201308294605
1004,1004,10.34476875556716,-85.37210510548735
1005,1005,10.34476875556716,-85.37219712802865
1006,1006,10.34476875556716,-85.37228915056996
1007,1007,10.34476875556716,-85.37238117311125
1008,1008,10.34467673302586,-85.36860824891795
1009,1009,10.34467673302586,-85.36870027145925
1010,1010,10.34467673302586,-85.36879229400056
1011,1011,10.34467673302586,-85.36888431654185
1012,1012,10.34467673302586,-85.36897633908315
1013,1013,10.34467673302586,-85.36906836162446
1014,1014,10.34467673302586,-85.36916038416575
1015,1015,10.34467673302586,-85.36925240670705
1016,1016,10.34467673302586,-85.36934442924836
1017,1017,10.34467673302586,-85.36943645178965
1018,1018,10.34467673302586,-85.36952847433095
1019,1019,10.34467673302586,-85.36962049687224
1020,1020,10.34467673302586,-85.36971251941355
1021,1021,10.34467673302586,-85.36980454195485
1022,1022,10.34467673302586,-85.36989656449614
1023,1023,10.34467673302586,-85.36998858703745
1024,1024,10.34467673302586,-85.37008060957875
1025,1025,10.34467673302586,-85.37017263212005
1026,1026,10.34467673302586,-85.37026465466136
1027,1027,10.34467673302586,-85.37035667720265
1028,1028,10.34467673302586,-85.37044869974395
1029,1029,10.34467673302586,-85.37054072228526
1030,1030,10.34467673302586,-85.37063274482655
1031,1031,10.34467673302586,-85.37072476736785
1032,1032,10.34467673302586,-85.37081678990916
1033,1033,10.34467673302586,-85.37090881245045
1034,1034,10.34467673302586,-85.37100083499175
1035,1035,10.34467673302586,-85.37109285753306
1036,1036,10.34467673302586,-85.37118488007435
1037,1037,10.34467673302586,-85.37127690261565
1038,1038,10.34467673302586,-85.37136892515696
1039,1039,10.34467673302586,-85.37146094769825
1040,1040,10.34467673302586,-85.37155297023955
1041,1041,10.34467673302586,-85.37164499278084
1042,1042,10.34467673302586,-85.37173701532215
1043,1043,10.34467673302586,-85.37182903786345
1044,1044,10.34467673302586,-85.37192106040474
1045,1045,10.34467673302586,-85.37201308294605
1046,1046,10.34467673302586,-85.37210510548735
1047,1047,10.34467673302586,-85.37219712802865
1048,1048,10.34467673302586,-85.37228915056996
1049,1049,10.34467673302586,-85.37238117311125
1050,1050,10.34458471048456,-85.36860824891795
1051,1051,10.34458471048456,-85.36870027145925
1052,1052,10.34458471048456,-85.36879229400056
1053,1053,10.34458471048456,-85.36888431654185
1054,1054,10.34458471048456,-85.36897633908315
1055,1055,10.34458471048456,-85.36906836162446
1056,1056,10.34458471048456,-85.36916038416575
1057,1057,10.34458471048456,-85.36925240670705
1058,1058,10.34458471048456,-85.36934442924836
1059,1059,10.34458471048456,-85.36943645178965
1060,1060,10.34458471048456,-85.36952847433095
1061,1061,10.34458471048456,-85.36962049687224
1062,1062,10.34458471048456,-85.36971251941355
1063,1063,10.34458471048456,-85.36980454195485
1064,1064,10.34458471048456,-85.36989656449614
1065,1065,10.34458471048456,-85.36998858703745
1066,1066,10.34458471048456,-85.37008060957875
1067,1067,10.34458471048456,-85.37017263212005
1068,1068,10.34458471048456,-85.37026465466136
1069,1069,10.34458471048456,-85.37035667720265
1070,1070,10.34458471048456,-85.37044869974395
1071,1071,10.34458471048456,-85.37054072228526
1072,1072,10.34458471048456,-85.37063274482655
1073,1073,10.34458471048456,-85.37072476736785
1074,1074,10.34458471048456,-85.37081678990916
1075,1075,10.34458471048456,-85.37090881245045
1076,1076,10.34458471048456,-85.37100083499175
1077,1077,10.34458471048456,-85.37109285753306
1078,1078,10.34458471048456,-85.37118488007435
1079,1079,10.34458471048456,-85.37127690261565
1080,1080,10.34458471048456,-85.37136892515696
1081,1081,10.34458471048456,-85.37146094769825
1082,1082,10.34458471048456,-85.37155297023955
1083,1083,10.34458471048456,-85.37164499278084
1084,1084,10.34458471048456,-85.37173701532215
1085,1085,10.34458471048456,-85.37182903786345
1086,1086,10.34458471048456,-85.37192106040474
1087,1087,10.34458471048456,-85.37201308294605
1088,1088,10.34458471048456,-85.37210510548735
1089,1089,10.34458471048456,-85.37219712802865
1090,1090,10.34458471048456,-85.37228915056996
1091,1091,10.34458471048456,-85.37238117311125
1092,1092,10.344492687943259,-85.36860824891795
1093,1093,10.344492687943259,-85.36870027145925
1094,1094,10.344492687943259,-85.36879229400056
1095,1095,10.344492687943259,-85.36888431654185
1096,1096,10.344492687943259,-85.36897633908315
1097,1097,10.344492687943259,-85.36906836162446
1098,1098,10.344492687943259,-85.36916038416575
1099,1099,10.344492687943259,-85.36925240670705
1100,1100,10.344492687943259,-85.36934442924836
1101,1101,10.344492687943259,-85.36943645178965
1102,1102,10.344492687943259,-85.36952847433095
1103,1103,10.344492687943259,-85.36962049687224
1104,1104,10.344492687943259,-85.36971251941355
1105,1105,10.344492687943259,-85.36980454195485
1106,1106,10.344492687943259,-85.36989656449614
1107,1107,10.344492687943259,-85.36998858703745
1108,1108,10.344492687943259,-85.37008060957875
1109,1109,10.344492687943259,-85.37017263212005
1110,1110,10.344492687943259,-85.37026465466136
1111,1111,10.344492687943259,-85.37035667720265
1112,1112,10.344492687943259,-85.37044869974395
1113,1113,10.344492687943259,-85.37054072228526
1114,1114,10.344492687943259,-85.37063274482655
1115,1115,10.344492687943259,-85.37072476736785
1116,1116,10.344492687943259,-85.37081678990916
1117,1117,10.344492687943259,-85.37090881245045
1118,1118,10.344492687943259,-85.37100083499175
1119,1119,10.344492687943259,-85.37109285753306
1120,1120,10.344492687943259,-85.37118488007435
1121,1121,10.344492687943259,-85.37127690261565
1122,1122,10.344492687943259,-85.37136892515696
1123,1123,10.344492687943259,-85.37146094769825
1124,1124,10.344492687943259,-85.37155297023955
1125,1125,10.344492687943259,-85.37164499278084
1126,1126,10.344492687943259,-85.37173701532215
1127,1127,10.344492687943259,-85.37182903786345
1128,1128,10.344492687943259,-85.37192106040474
1129,1129,10.344492687943259,-85.37201308294605
1130,1130,10.344492687943259,-85.37210510548735
1131,1131,10.344492687943259,-85.37219712802865
1132,1132,10.344492687943259,-85.37228915056996
1133,1133,10.344492687943259,-85.37238117311125
1134,1134,10.34440066540196,-85.36860824891795
1135,1135,10.34440066540196,-85.36870027145925
1136,1136,10.34440066540196,-85.36879229400056
1137,1137,10.34440066540196,-85.36888431654185
1138,1138,10.34440066540196,-85.36897633908315
1139,1139,10.34440066540196,-85.36906836162446
1140,1140,10.34440066540196,-85.36916038416575
1141,1141,10.34440066540196,-85.36925240670705
1142,1142,10.34440066540196,-85.36934442924836
1143,1143,10.34440066540196,-85.36943645178965
1144,1144,10.34440066540196,-85.36952847433095
1145,1145,10.34440066540196,-85.36962049687224
1146,1146,10.34440066540196,-85.36971251941355
1147,1147,10.34440066540196,-85.36980454195485
1148,1148,10.34440066540196,-85.36989656449614
1149,1149,10.34440066540196,-85.36998858703745
1150,1150,10.34440066540196,-85.37008060957875
1151,1151,10.34440066540196,-85.37017263212005
1152,1152,10.34440066540196,-85.37026465466136
1153,1153,10.34440066540196,-85.37035667720265
1154,1154,10.34440066540196,-85.37044869974395
1155,1155,10.34440066540196,-85.37054072228526
1156,1156,10.34440066540196,-85.37063274482655
1157,1157,10.34440066540196,-85.37072476736785
1158,1158,10.34440066540196,-85.37081678990916
1159,1159,10.34440066540196,-85.37090881245045
1160,1160,10.34440066540196,-85.37100083499175
1161,1161,10.34440066540196,-85.37109285753306
1162,1162,10.34440066540196,-85.37118488007435
1163,1163,10.34440066540196,-85.37127690261565
1164,1164,10.34440066540196,-85.37136892515696
1165,1165,10.34440066540196,-85.37146094769825
1166,1166,10.34440066540196,-85.37155297023955
1167,1167,10.34440066540196,-85.37164499278084
1168,1168,10.34440066540196,-85.37173701532215
1169,1169,10.34440066540196,-85.37182903786345
1170,1170,10.34440066540196,-85.37192106040474
1171,1171,10.34440066540196,-85.37201308294605
1172,1172,10.34440066540196,-85.37210510548735
1173,1173,10.34440066540196,-85.37219712802865
1174,1174,10.34440066540196,-85.37228915056996
1175,1175,10.34440066540196,-85.37238117311125
1176,1176,10.344308642860659,-85.36860824891795
1177,1177,10.344308642860659,-85.36870027145925
1178,1178,10.344308642860659,-85.36879229400056
1179,1179,10.344308642860659,-85.36888431654185
1180,1180,10.344308642860659,-85.36897633908315
1181,1181,10.344308642860659,-85.36906836162446
1182,1182,10.344308642860659,-85.36916038416575
1183,1183,10.344308642860659,-85.36925240670705
1184,1184,10.344308642860659,-85.36934442924836
1185,1185,10.344308642860659,-85.36943645178965
1186,1186,10.344308642860659,-85.36952847433095
1187,1187,10.344308642860659,-85.36962049687224
1188,1188,10.344308642860659,-85.36971251941355
1189,1189,10.344308642860659,-85.36980454195485
1190,1190,10.344308642860659,-85.36989656449614
1191,1191,10.344308642860659,-85.36998858703745
1192,1192,10.344308642860659,-85.37008060957875
1193,1193,10.344308642860659,-85.37017263212005
1194,1194,10.344308642860659,-85.37026465466136
1195,1195,10.344308642860659,-85.37035667720265
1196,1196,10.344308642860659,-85.37044869974395
1197,1197,10.344308642860659,-85.37054072228526
1198,1198,10.344308642860659,-85.37063274482655
1199,1199,10.344308642860659,-85.37072476736785
1200,1200,10.344308642860659,-85.37081678990916
1201,1201,10.344308642860659,-85.37090881245045
1202,1202,10.344308642860659,-85.37100083499175
1203,1203,10.344308642860659,-85.37109285753306
1204,1204,10.344308642860659,-85.37118488007435
1205,1205,10.344308642860659,-85.37127690261565
1206,1206,10.344308642860659,-85.37136892515696
1207,1207,10.344308642860659,-85.37146094769825
1208,1208,10.344308642860659,-85.37155297023955
1209,1209,10.344308642860659,-85.37164499278084
1210,1210,10.344308642860659,-85.37173701532215
1211,1211,10.344308642860659,-85.37182903786345
1212,1212,10.344308642860659,-85.37192106040474
1213,1213,10.344308642860659,-85.37201308294605
1214,1214,10.344308642860659,-85.37210510548735
1215,1215,10.344308642860659,-85.37219712802865
1216,1216,10.344308642860659,-85.37228915056996
1217,1217,10.344308642860659,-85.37238117311125
1218,1218,10.34421662031936,-85.36860824891795
1219,1219,10.34421662031936,-85.36870027145925
1220,1220,10.34421662031936,-85.36879229400056
1221,1221,10.34421662031936,-85.36888431654185
1222,1222,10.34421662031936,-85.36897633908315
1223,1223,10.34421662031936,-85.36906836162446
1224,1224,10.34421662031936,-85.36916038416575
1225,1225,10.34421662031936,-85.36925240670705
1226,1226,10.34421662031936,-85.36934442924836
1227,1227,10.34421662031936,-85.36943645178965
1228,1228,10.34421662031936,-85.36952847433095
1229,1229,10.34421662031936,-85.36962049687224
1230,1230,10.34421662031936,-85.36971251941355
1231,1231,10.34421662031936,-85.36980454195485
1232,1232,10.34421662031936,-85.36989656449614
1233,1233,10.34421662031936,-85.36998858703745
1234,1234,10.34421662031936,-85.37008060957875
1235,1235,10.34421662031936,-85.37017263212005
1236,1236,10.34421662031936,-85.37026465466136
1237,1237,10.34421662031936,-85.37035667720265
1238,1238,10.34421662031936,-85.37044869974395
1239,1239,10.34421662031936,-85.37054072228526
1240,1240,10.34421662031936,-85.37063274482655
1241,1241,10.34421662031936,-85.37072476736785
1242,1242,10.34421662031936,-85.37081678990916
1243,1243,10.34421662031936,-85.37090881245045
1244,1244,10.34421662031936,-85.37100083499175
1245,1245,10.34421662031936,-85.37109285753306
1246,1246,10.34421662031936,-85.37118488007435
1247,1247,10.34421662031936,-85.37127690261565
1248,1248,10.34421662031936,-85.37136892515696
1249,1249,10.34421662031936,-85.37146094769825
1250,1250,10.34421662031936,-85.37155297023955
1251,1251,10.34421662031936,-85.37164499278084
1252,1252,10.34421662031936,-85.37173701532215
1253,1253,10.34421662031936,-85.37182903786345
1254,1254,10.34421662031936,-85.37192106040474
1255,1255,10.34421662031936,-85.37201308294605
1256,1256,10.34421662031936,-85.37210510548735
1257,1257,10.34421662031936,-85.37219712802865
1258,1258,10.34421662031936,-85.37228915056996
1259,1259,10.34421662031936,-85.37238117311125
1260,1260,10.344124597778059,-85.36860824891795
1261,1261,10.344124597778059,-85.36870027145925
1262,1262,10.344124597778059,-85.36879229400056
1263,1263,10.344124597778059,-85.36888431654185
1264,1264,10.344124597778059,-85.36897633908315
1265,1265,10.344124597778059,-85.36906836162446
1266,1266,10.344124597778059,-85.36916038416575
1267,1267,10.344124597778059,-85.36925240670705
1268,1268,10.344124597778059,-85.36934442924836
1269,1269,10.344124597778059,-85.36943645178965
1270,1270,10.344124597778059,-85.36952847433095
1271,1271,10.344124597778059,-85.36962049687224
1272,1272,10.344124597778059,-85.36971251941355
1273,1273,10.344124597778059,-85.36980454195485
1274,1274,10.344124597778059,-85.36989656449614
1275,1275,10.344124597778059,-85.36998858703745
1276,1276,10.344124597778059,-85.37008060957875
1277,1277,10.344124597778059,-85.37017263212005
1278,1278,10.344124597778059,-85.37026465466136
1279,1279,10.344124597778059,-85.37035667720265
1280,1280,10.344124597778059,-85.37044869974395
1281,1281,10.344124597778059,-85.37054072228526
1282,1282,10.344124597778059,-85.37063274482655
1283,1283,10.344124597778059,-85.37072476736785
1284,1284,10.344124597778059,-85.37081678990916
1285,1285,10.344124597778059,-85.37090881245045
1286,1286,10.344124597778059,-85.37100083499175
1287,1287,10.344124597778059,-85.37109285753306
1288,1288,10.344124597778059,-85.37118488007435
1289,1289,10.344124597778059,-85.37127690261565
1290,1290,10.344124597778059,-85.37136892515696
1291,1291,10.344124597778059,-85.37146094769825
1292,1292,10.344124597778059,-85.37155297023955
1293,1293,10.344124597778059,-85.37164499278084
1294,1294,10.344124597778059,-85.37173701532215
1295,1295,10.344124597778059,-85.37182903786345
1296,1296,10.344124597778059,-85.37192106040474
1297,1297,10.344124597778059,-85.37201308294605
1298,1298,10.344124597778059,-85.37210510548735
1299,1299,10.344124597778059,-85.37219712802865
1300,1300,10.344124597778059,-85.37228915056996
1301,1301,10.344124597778059,-85.37238117311125
1302,1302,10.34403257523676,-85.36860824891795
1303,1303,10.34403257523676,-85.36870027145925
1304,1304,10.34403257523676,-85.36879229400056
1305,1305,10.34403257523676,-85.36888431654185
1306,1306,10.34403257523676,-85.36897633908315
1307,1307,10.34403257523676,-85.36906836162446
1308,1308,10.34403257523676,-85.36916038416575
1309,1309,10.34403257523676,-85.36925240670705
1310,1310,10.34403257523676,-85.36934442924836
1311,1311,10.34403257523676,-85.36943645178965
1312,1312,10.34403257523676,-85.36952847433095
1313,1313,10.34403257523676,-85.36962049687224
1314,1314,10.34403257523676,-85.36971251941355
1315,1315,10.34403257523676,-85.36980454195485
1316,1316,10.34403257523676,-85.36989656449614
1317,1317,10.34403257523676,-85.36998858703745
1318,1318,10.34403257523676,-85.37008060957875
1319,1319,10.34403257523676,-85.37017263212005
1320,1320,10.34403257523676,-85.37026465466136
1321,1321,10.34403257523676,-85.37035667720265
1322,1322,10.34403257523676,-85.37044869974395
1323,1323,10.34403257523676,-85.37054072228526
1324,1324,10.34403257523676,-85.37063274482655
1325,1325,10.34403257523676,-85.37072476736785
1326,1326,10.34403257523676,-85.37081678990916
1327,1327,10.34403257523676,-85.37090881245045
1328,1328,10.34403257523676,-85.37100083499175
1329,1329,10.34403257523676,-85.37109285753306
1330,1330,10.34403257523676,-85.37118488007435
1331,1331,10.34403257523676,-85.37127690261565
1332,1332,10.34403257523676,-85.37136892515696
1333,1333,10.34403257523676,-85.37146094769825
1334,1334,10.34403257523676,-85.37155297023955
1335,1335,10.34403257523676,-85.37164499278084
1336,1336,10.34403257523676,-85.37173701532215
1337,1337,10.34403257523676,-85.37182903786345
1338,1338,10.34403257523676,-85.37192106040474
1339,1339,10.34403257523676,-85.37201308294605
1340,1340,10.34403257523676,-85.37210510548735
1341,1341,10.34403257523676,-85.37219712802865
1342,1342,10.34403257523676,-85.37228915056996
1343,1343,10.34403257523676,-85.37238117311125
1344,1344,10.343940552695459,-85.36860824891795
1345,1345,10.343940552695459,-85.36870027145925
1346,1346,10.343940552695459,-85.36879229400056
1347,1347,10.343940552695459,-85.36888431654185
1348,1348,10.343940552695459,-85.36897633908315
1349,1349,10.343940552695459,-85.36906836162446
1350,1350,10.343940552695459,-85.36916038416575
1351,1351,10.343940552695459,-85.36925240670705
1352,1352,10.343940552695459,-85.36934442924836
1353,1353,10.343940552695459,-85.36943645178965
1354,1354,10.343940552695459,-85.36952847433095
1355,1355,10.343940552695459,-85.36962049687224
1356,1356,10.343940552695459,-85.36971251941355
1357,1357,10.343940552695459,-85.36980454195485
1358,1358,10.343940552695459,-85.36989656449614
1359,1359,10.343940552695459,-85.36998858703745
1360,1360,10.343940552695459,-85.37008060957875
1361,1361,10.343940552695459,-85.37017263212005
1362,1362,10.343940552695459,-85.37026465466136
1363,1363,10.343940552695459,-85.37035667720265
1364,1364,10.343940552695459,-85.37044869974395
1365,1365,10.343940552695459,-85.37054072228526
1366,1366,10.343940552695459,-85.37063274482655
1367,1367,10.343940552695459,-85.37072476736785
1368,1368,10.343940552695459,-85.37081678990916
1369,1369,10.343940552695459,-85.37090881245045
1370,1370,10.343940552695459,-85.37100083499175
1371,1371,10.343940552695459,-85.37109285753306
1372,1372,10.343940552695459,-85.37118488007435
1373,1373,10.343940552695459,-85.37127690261565
1374,1374,10.343940552695459,-85.37136892515696
1375,1375,10.343940552695459,-85.37146094769825
1376,1376,10.343940552695459,-85.37155297023955
1377,1377,10.343940552695459,-85.37164499278084
1378,1378,10.343940552695459,-85.37173701532215
1379,1379,10.343940552695459,-85.37182903786345
1380,1380,10.343940552695459,-85.37192106040474
1381,1381,10.343940552695459,-85.37201308294605
1382,1382,10.343940552695459,-85.37210510548735
1383,1383,10.343940552695459,-85.37219712802865
1384,1384,10.343940552695459,-85.37228915056996
1385,1385,10.343940552695459,-85.37238117311125
1386,1386,10.343848530154158,-85.36860824891795
1387,1387,10.343848530154158,-85.36870027145925
1388,1388,10.343848530154158,-85.36879229400056
1389,1389,10.343848530154158,-85.36888431654185
1390,1390,10.343848530154158,-85.36897633908315
1391,1391,10.343848530154158,-85.36906836162446
1392,1392,10.343848530154158,-85.36916038416575
1393,1393,10.343848530154158,-85.36925240670705
1394,1394,10.343848530154158,-85.36934442924836
1395,1395,10.343848530154158,-85.36943645178965
1396,1396,10.343848530154158,-85.36952847433095
1397,1397,10.343848530154158,-85.36962049687224
1398,1398,10.343848530154158,-85.36971251941355
1399,1399,10.343848530154158,-85.36980454195485
1400,1400,10.343848530154158,-85.36989656449614
1401,1401,10.343848530154158,-85.36998858703745
1402,1402,10.343848530154158,-85.37008060957875
1403,1403,10.343848530154158,-85.37017263212005
1404,1404,10.343848530154158,-85.37026465466136
1405,1405,10.343848530154158,-85.37035667720265
1406,1406,10.343848530154158,-85.37044869974395
1407,1407,10.343848530154158,-85.37054072228526
1408,1408,10.343848530154158,-85.37063274482655
1409,1409,10.343848530154158,-85.37072476736785
1410,1410,10.343848530154158,-85.37081678990916
1411,1411,10.343848530154158,-85.37090881245045
1412,1412,10.343848530154158,-85.37100083499175
1413,1413,10.343848530154158,-85.37109285753306
1414,1414,10.343848530154158,-85.37118488007435
1415,1415,10.343848530154158,-85.37127690261565
1416,1416,10.343848530154158,-85.37136892515696
1417,1417,10.343848530154158,-85.37146094769825
1418,1418,10.343848530154158,-85.37155297023955
1419,1419,10.343848530154158,-85.37164499278084
1420,1420,10.343848530154158,-85.37173701532215
1421,1421,10.343848530154158,-85.37182903786345
1422,1422,10.343848530154158,-85.37192106040474
1423,1423,10.343848530154158,-85.37201308294605
1424,1424,10.343848530154158,-85.37210510548735
1425,1425,10.343848530154158,-85.37219712802865
1426,1426,10.343848530154158,-85.37228915056996
1427,1427,10.343848530154158,-85.37238117311125
1428,1428,10.34375650761286,-85.36860824891795
1429,1429,10.34375650761286,-85.36870027145925
1430,1430,10.34375650761286,-85.36879229400056
1431,1431,10.34375650761286,-85.36888431654185
1432,1432,10.34375650761286,-85.36897633908315
1433,1433,10.34375650761286,-85.36906836162446
1434,1434,10.34375650761286,-85.36916038416575
1435,1435,10.34375650761286,-85.36925240670705
1436,1436,10.34375650761286,-85.36934442924836
1437,1437,10.34375650761286,-85.36943645178965
1438,1438,10.34375650761286,-85.36952847433095
1439,1439,10.34375650761286,-85.36962049687224
1440,1440,10.34375650761286,-85.36971251941355
1441,1441,10.34375650761286,-85.36980454195485
1442,1442,10.34375650761286,-85.36989656449614
1443,1443,10.34375650761286,-85.36998858703745
1444,1444,10.34375650761286,-85.37008060957875
1445,1445,10.34375650761286,-85.37017263212005
1446,1446,10.34375650761286,-85.37026465466136
1447,1447,10.34375650761286,-85.37035667720265
1448,1448,10.34375650761286,-85.37044869974395
1449,1449,10.34375650761286,-85.37054072228526
1450,1450,10.34375650761286,-85.37063274482655
1451,1451,10.34375650761286,-85.37072476736785
1452,1452,10.34375650761286,-85.37081678990916
1453,1453,10.34375650761286,-85.37090881245045
1454,1454,10.34375650761286,-85.37100083499175
1455,1455,10.34375650761286,-85.37109285753306
1456,1456,10.34375650761286,-85.37118488007435
1457,1457,10.34375650761286,-85.37127690261565
1458,1458,10.34375650761286,-85.37136892515696
1459,1459,10.34375650761286,-85.37146094769825
1460,1460,10.34375650761286,-85.37155297023955
1461,1461,10.34375650761286,-85.37164499278084
1462,1462,10.34375650761286,-85.37173701532215
1463,1463,10.34375650761286,-85.37182903786345
1464,1464,10.34375650761286,-85.37192106040474
1465,1465,10.34375650761286,-85.37201308294605
1466,1466,10.34375650761286,-85.37210510548735
1467,1467,10.34375650761286,-85.37219712802865
1468,1468,10.34375650761286,-85.37228915056996
1469,1469,10.34375650761286,-85.37238117311125
1470,1470,10.343664485071558,-85.36860824891795
1471,1471,10.343664485071558,-85.36870027145925
1472,1472,10.343664485071558,-85.36879229400056
1473,1473,10.343664485071558,-85.36888431654185
1474,1474,10.343664485071558,-85.36897633908315
1475,1475,10.343664485071558,-85.36906836162446
1476,1476,10.343664485071558,-85.36916038416575
1477,1477,10.343664485071558,-85.36925240670705
1478,1478,10.343664485071558,-85.36934442924836
1479,1479,10.343664485071558,-85.36943645178965
1480,1480,10.343664485071558,-85.36952847433095
1481,1481,10.343664485071558,-85.36962049687224
1482,1482,10.343664485071558,-85.36971251941355
1483,1483,10.343664485071558,-85.36980454195485
1484,1484,10.343664485071558,-85.36989656449614
1485,1485,10.343664485071558,-85.36998858703745
1486,1486,10.343664485071558,-85.37008060957875
1487,1487,10.343664485071558,-85.37017263212005
1488,1488,10.343664485071558,-85.37026465466136
1489,1489,10.343664485071558,-85.37035667720265
1490,1490,10.343664485071558,-85.37044869974395
1491,1491,10.343664485071558,-85.37054072228526
1492,1492,10.343664485071558,-85.37063274482655
1493,1493,10.343664485071558,-85.37072476736785
1494,1494,10.343664485071558,-85.37081678990916
1495,1495,10.343664485071558,-85.37090881245045
1496,1496,10.343664485071558,-85.37100083499175
1497,1497,10.343664485071558,-85.37109285753306
1498,1498,10.343664485071558,-85.37118488007435
1499,1499,10.343664485071558,-85.37127690261565
1500,1500,10.343664485071558,-85.37136892515696
1501,1501,10.343664485071558,-85.37146094769825
1502,1502,10.343664485071558,-85.37155297023955
1503,1503,10.343664485071558,-85.37164499278084
1504,1504,10.343664485071558,-85.37173701532215
1505,1505,10.343664485071558,-85.37182903786345
1506,1506,10.343664485071558,-85.37192106040474
1507,1507,10.343664485071558,-85.37201308294605
1508,1508,10.343664485071558,-85.37210510548735
1509,1509,10.343664485071558,-85.37219712802865
1510,1510,10.343664485071558,-85.37228915056996
1511,1511,10.343664485071558,-85.37238117311125
1512,1512,10.34357246253026,-85.36860824891795
1513,1513,10.34357246253026,-85.36870027145925
1514,1514,10.34357246253026,-85.36879229400056
1515,1515,10.34357246253026,-85.36888431654185
1516,1516,10.34357246253026,-85.36897633908315
1517,1517,10.34357246253026,-85.36906836162446
1518,1518,10.34357246253026,-85.36916038416575
1519,1519,10.34357246253026,-85.36925240670705
1520,1520,10.34357246253026,-85.36934442924836
1521,1521,10.34357246253026,-85.36943645178965
1522,1522,10.34357246253026,-85.36952847433095
1523,1523,10.34357246253026,-85.36962049687224
1524,1524,10.34357246253026,-85.36971251941355
1525,1525,10.34357246253026,-85.36980454195485
1526,1526,10.34357246253026,-85.36989656449614
1527,1527,10.34357246253026,-85.36998858703745
1528,1528,10.34357246253026,-85.37008060957875
1529,1529,10.34357246253026,-85.37017263212005
1530,1530,10.34357246253026,-85.37026465466136
1531,1531,10.34357246253026,-85.37035667720265
1532,1532,10.34357246253026,-85.37044869974395
1533,1533,10.34357246253026,-85.37054072228526
1534,1534,10.34357246253026,-85.37063274482655
1535,1535,10.34357246253026,-85.37072476736785
1536,1536,10.34357246253026,-85.37081678990916
1537,1537,10.34357246253026,-85.37090881245045
1538,1538,10.34357246253026,-85.37100083499175
1539,1539,10.34357246253026,-85.37109285753306
1540,1540,10.34357246253026,-85.37118488007435
1541,1541,10.34357246253026,-85.37127690261565
1542,1542,10.34357246253026,-85.37136892515696
1543,1543,10.34357246253026,-85.37146094769825
1544,1544,10.34357246253026,-85.37155297023955
1545,1545,10.34357246253026,-85.37164499278084
1546,1546,10.34357246253026,-85.37173701532215
1547,1547,10.34357246253026,-85.37182903786345
1548,1548,10.34357246253026,-85.37192106040474
1549,1549,10.34357246253026,-85.37201308294605
1550,1550,10.34357246253026,-85.37210510548735
1551,1551,10.34357246253026,-85.37219712802865
1552,1552,10.34357246253026,-85.37228915056996
1553,1553,10.34357246253026,-85.37238117311125
1554,1554,10.343480439988959,-85.36860824891795
1555,1555,10.343480439988959,-85.36870027145925
1556,1556,10.343480439988959,-85.36879229400056
1557,1557,10.343480439988959,-85.36888431654185
1558,1558,10.343480439988959,-85.36897633908315
1559,1559,10.343480439988959,-85.36906836162446
1560,1560,10.343480439988959,-85.36916038416575
1561,1561,10.343480439988959,-85.36925240670705
1562,1562,10.343480439988959,-85.36934442924836
1563,1563,10.343480439988959,-85.36943645178965
1564,1564,10.343480439988959,-85.36952847433095
1565,1565,10.343480439988959,-85.36962049687224
1566,1566,10.343480439988959,-85.36971251941355
1567,1567,10.343480439988959,-85.36980454195485
1568,1568,10.343480439988959,-85.36989656449614
1569,1569,10.343480439988959,-85.36998858703745
1570,1570,10.343480439988959,-85.37008060957875
1571,1571,10.343480439988959,-85.37017263212005
1572,1572,10.343480439988959,-85.37026465466136
1573,1573,10.343480439988959,-85.37035667720265
1574,1574,10.343480439988959,-85.37044869974395
1575,1575,10.343480439988959,-85.37054072228526
1576,1576,10.343480439988959,-85.37063274482655
1577,1577,10.343480439988959,-85.37072476736785
1578,1578,10.343480439988959,-85.37081678990916
1579,1579,10.343480439988959,-85.37090881245045
1580,1580,10.343480439988959,-85.37100083499175
1581,1581,10.343480439988959,-85.37109285753306
1582,1582,10.343480439988959,-85.37118488007435
1583,1583,10.343480439988959,-85.37127690261565
1584,1584,10.343480439988959,-85.37136892515696
1585,1585,10.343480439988959,-85.37146094769825
1586,1586,10.343480439988959,-85.37155297023955
1587,1587,10.343480439988959,-85.37164499278084
1588,1588,10.343480439988959,-85.37173701532215
1589,1589,10.343480439988959,-85.37182903786345
1590,1590,10.343480439988959,-85.37192106040474
1591,1591,10.343480439988959,-85.37201308294605
1592,1592,10.343480439988959,-85.37210510548735
1593,1593,10.343480439988959,-85.37219712802865
1594,1594,10.343480439988959,-85.37228915056996
1595,1595,10.343480439988959,-85.37238117311125
1596,1596,10.34338841744766,-85.36860824891795
1597,1597,10.34338841744766,-85.36870027145925
1598,1598,10.34338841744766,-85.36879229400056
1599,1599,10.34338841744766,-85.36888431654185
1600,1600,10.34338841744766,-85.36897633908315
1601,1601,10.34338841744766,-85.36906836162446
1602,1602,10.34338841744766,-85.36916038416575
1603,1603,10.34338841744766,-85.36925240670705
1604,1604,10.34338841744766,-85.36934442924836
1605,1605,10.34338841744766,-85.36943645178965
1606,1606,10.34338841744766,-85.36952847433095
1607,1607,10.34338841744766,-85.36962049687224
1608,1608,10.34338841744766,-85.36971251941355
1609,1609,10.34338841744766,-85.36980454195485
1610,1610,10.34338841744766,-85.36989656449614
1611,1611,10.34338841744766,-85.36998858703745
1612,1612,10.34338841744766,-85.37008060957875
1613,1613,10.34338841744766,-85.37017263212005
1614,1614,10.34338841744766,-85.37026465466136
1615,1615,10.34338841744766,-85.37035667720265
1616,1616,10.34338841744766,-85.37044869974395
1617,1617,10.34338841744766,-85.37054072228526
1618,1618,10.34338841744766,-85.37063274482655
1619,1619,10.34338841744766,-85.37072476736785
1620,1620,10.34338841744766,-85.37081678990916
1621,1621,10.34338841744766,-85.37090881245045
1622,1622,10.34338841744766,-85.37100083499175
1623,1623,10.34338841744766,-85.37109285753306
1624,1624,10.34338841744766,-85.37118488007435
1625,1625,10.34338841744766,-85.37127690261565
1626,1626,10.34338841744766,-85.37136892515696
1627,1627,10.34338841744766,-85.37146094769825
1628,1628,10.34338841744766,-85.37155297023955
1629,1629,10.34338841744766,-85.37164499278084
1630,1630,10.34338841744766,-85.37173701532215
1631,1631,10.34338841744766,-85.37182903786345
1632,1632,10.34338841744766,-85.37192106040474
1633,1633,10.34338841744766,-85.37201308294605
1634,1634,10.34338841744766,-85.37210510548735
1635,1635,10.34338841744766,-85.37219712802865
1636,1636,10.34338841744766,-85.37228915056996
1637,1637,10.34338841744766,-85.37238117311125
1638,1638,10.343296394906359,-85.36860824891795
1639,1639,10.343296394906359,-85.36870027145925
1640,1640,10.343296394906359,-85.36879229400056
1641,1641,10.343296394906359,-85.36888431654185
1642,1642,10.343296394906359,-85.36897633908315
1643,1643,10.343296394906359,-85.36906836162446
1644,1644,10.343296394906359,-85.36916038416575
1645,1645,10.343296394906359,-85.36925240670705
1646,1646,10.343296394906359,-85.36934442924836
1647,1647,10.343296394906359,-85.36943645178965
1648,1648,10.343296394906359,-85.36952847433095
1649,1649,10.343296394906359,-85.36962049687224
1650,1650,10.343296394906359,-85.36971251941355
1651,1651,10.343296394906359,-85.36980454195485
1652,1652,10.343296394906359,-85.36989656449614
1653,1653,10.343296394906359,-85.36998858703745
1654,1654,10.343296394906359,-85.37008060957875
1655,1655,10.343296394906359,-85.37017263212005
1656,1656,10.343296394906359,-85.37026465466136
1657,1657,10.343296394906359,-85.37035667720265
1658,1658,10.343296394906359,-85.37044869974395
1659,1659,10.343296394906359,-85.37054072228526
1660,1660,10.343296394906359,-85.37063274482655
1661,1661,10.343296394906359,-85.37072476736785
1662,1662,10.343296394906359,-85.37081678990916
1663,1663,10.343296394906359,-85.37090881245045
1664,1664,10.343296394906359,-85.37100083499175
1665,1665,10.343296394906359,-85.37109285753306
1666,1666,10.343296394906359,-85.37118488007435
1667,1667,10.343296394906359,-85.37127690261565
1668,1668,10.343296394906359,-85.37136892515696
1669,1669,10.343296394906359,-85.37146094769825
1670,1670,10.343296394906359,-85.37155297023955
1671,1671,10.343296394906359,-85.37164499278084
1672,1672,10.343296394906359,-85.37173701532215
1673,1673,10.343296394906359,-85.37182903786345
1674,1674,10.343296394906359,-85.37192106040474
1675,1675,10.343296394906359,-85.37201308294605
1676,1676,10.343296394906359,-85.37210510548735
1677,1677,10.343296394906359,-85.37219712802865
1678,1678,10.343296394906359,-85.37228915056996
1679,1679,10.343296394906359,-85.37238117311125
1680,1680,10.34320437236506,-85.36860824891795
1681,1681,10.34320437236506,-85.36870027145925
1682,1682,10.34320437236506,-85.36879229400056
1683,1683,10.34320437236506,-85.36888431654185
1684,1684,10.34320437236506,-85.36897633908315
1685,1685,10.34320437236506,-85.36906836162446
1686,1686,10.34320437236506,-85.36916038416575
1687,1687,10.34320437236506,-85.36925240670705
1688,1688,10.34320437236506,-85.36934442924836
1689,1689,10.34320437236506,-85.36943645178965
1690,1690,10.34320437236506,-85.36952847433095
1691,1691,10.34320437236506,-85.36962049687224
1692,1692,10.34320437236506,-85.36971251941355
1693,1693,10.34320437236506,-85.36980454195485
1694,1694,10.34320437236506,-85.36989656449614
1695,1695,10.34320437236506,-85.36998858703745
1696,1696,10.34320437236506,-85.37008060957875
1697,1697,10.34320437236506,-85.37017263212005
1698,1698,10.34320437236506,-85.37026465466136
1699,1699,10.34320437236506,-85.37035667720265
1700,1700,10.34320437236506,-85.37044869974395
1701,1701,10.34320437236506,-85.37054072228526
1702,1702,10.34320437236506,-85.37063274482655
1703,1703,10.34320437236506,-85.37072476736785
1704,1704,10.34320437236506,-85.37081678990916
1705,1705,10.34320437236506,-85.37090881245045
1706,1706,10.34320437236506,-85.37100083499175
1707,1707,10.34320437236506,-85.37109285753306
1708,1708,10.34320437236506,-85.37118488007435
1709,1709,10.34320437236506,-85.37127690261565
1710,1710,10.34320437236506,-85.37136892515696
1711,1711,10.34320437236506,-85.37146094769825
1712,1712,10.34320437236506,-85.37155297023955
1713,1713,10.34320437236506,-85.37164499278084
1714,1714,10.34320437236506,-85.37173701532215
1715,1715,10.34320437236506,-85.37182903786345
1716,1716,10.34320437236506,-85.37192106040474
1717,1717,10.34320437236506,-85.37201308294605
1718,1718,10.34320437236506,-85.37210510548735
1719,1719,10.34320437236506,-85.37219712802865
1720,1720,10.34320437236506,-85.37228915056996
1721,1721,10.34320437236506,-85.37238117311125
1722,1722,10.343112349823759,-85.36860824891795
1723,1723,10.343112349823759,-85.36870027145925
1724,1724,10.343112349823759,-85.36879229400056
1725,1725,10.343112349823759,-85.36888431654185
1726,1726,10.343112349823759,-85.36897633908315
1727,1727,10.343112349823759,-85.36906836162446
1728,1728,10.343112349823759,-85.36916038416575
1729,1729,10.343112349823759,-85.36925240670705
1730,1730,10.343112349823759,-85.36934442924836
1731,1731,10.343112349823759,-85.36943645178965
1732,1732,10.343112349823759,-85.36952847433095
1733,1733,10.343112349823759,-85.36962049687224
1734,1734,10.343112349823759,-85.36971251941355
1735,1735,10.343112349823759,-85.36980454195485
1736,1736,10.343112349823759,-85.36989656449614
1737,1737,10.343112349823759,-85.36998858703745
1738,1738,10.343112349823759,-85.37008060957875
1739,1739,10.343112349823759,-85.37017263212005
1740,1740,10.343112349823759,-85.37026465466136
1741,1741,10.343112349823759,-85.37035667720265
1742,1742,10.343112349823759,-85.37044869974395
1743,1743,10.343112349823759,-85.37054072228526
1744,1744,10.343112349823759,-85.37063274482655
1745,1745,10.343112349823759,-85.37072476736785
1746,1746,10.343112349823759,-85.37081678990916
1747,1747,10.343112349823759,-85.37090881245045
1748,1748,10.343112349823759,-85.37100083499175
1749,1749,10.343112349823759,-85.37109285753306
1750,1750,10.343112349823759,-85.37118488007435
1751,1751,10.343112349823759,-85.37127690261565
1752,1752,10.343112349823759,-85.37136892515696
1753,1753,10.343112349823759,-85.37146094769825
1754,1754,10.343112349823759,-85.37155297023955
1755,1755,10.343112349823759,-85.37164499278084
1756,1756,10.343112349823759,-85.37173701532215
1757,1757,10.343112349823759,-85.37182903786345
1758,1758,10.343112349823759,-85.37192106040474
1759,1759,10.343112349823759,-85.37201308294605
1760,1760,10.343112349823759,-85.37210510548735
1761,1761,10.343112349823759,-85.37219712802865
1762,1762,10.343112349823759,-85.37228915056996
1763,1763,10.343112349823759,-85.37238117311125
