Year,Species,Size,Ca,Growth ,Ci,IWUE,AnnualAverageTemperature,AnnualMinTemperature,AnnualMaxTemperature,PRCP
1940,Chukrasia_tabularis,8,309.3,3.405395154,197.9008011,69.62449929,26.95,14.9,38,0
1940,Melia_azedarach,27,309.3,41.75643216,169.3950558,87.44059012,26.95,14.9,38,0
1940,Toona_ciliata,8,309.3,4.896486542,211.6669843,61.02063482,26.95,14.9,38,0
1940,Chukrasia_tabularis,8,309.3,6.093994374,209.3203837,62.48726018,26.95,14.9,38,0
1941,Toona_ciliata,8,309.5,8.149582048,199.3044025,68.87224843,29.16666667,20.4,40.5,110.5
1942,Chukrasia_tabularis,8,309.8,4.13223336,194.0015552,72.37402799,28.98888889,17.7,37.6,124.2222222
1942,Toona_ciliata,27,309.8,36.01032863,192.9921717,73.0048927,28.98888889,17.7,37.6,124.2222222
1948,Chukrasia_tabularis,27,311.3,15.91654291,195.1680018,72.58249888,28.25833333,16.6,37.2,96.58333333
1948,Chukrasia_tabularis,8,311.3,4.829064343,204.1817598,66.9489001,28.25833333,16.6,37.2,96.58333333
1948,Chukrasia_tabularis,8,311.3,14.19099187,198.2280181,70.66998868,28.25833333,16.6,37.2,96.58333333
1948,Chukrasia_tabularis,27,311.3,27.78806965,184.0207257,79.54954645,28.25833333,16.6,37.2,96.58333333
1949,Afzelia_xylocarpa,8,311.7,10.78229896,198.9093204,70.49417472,28.36363636,16.3,37.5,78.90909091
1949,Chukrasia_tabularis,8,311.7,5.367534478,211.122861,62.86071188,28.36363636,16.3,37.5,78.90909091
1949,Chukrasia_tabularis,27,311.7,39.92873492,181.0216457,81.67397141,28.36363636,16.3,37.5,78.90909091
1949,Toona_ciliata,8,311.7,2.99479781,208.5649554,64.45940286,28.36363636,16.3,37.5,78.90909091
1949,Chukrasia_tabularis,27,311.7,43.92500678,180.3358357,82.10260269,28.36363636,16.3,37.5,78.90909091
1950,Chukrasia_tabularis,8,312,1.545077042,195.7377587,72.66390084,28.375,16.9,38.3,95.08333333
1950,Toona_ciliata,8,312,7.32119494,226.4393812,53.47538677,28.375,16.9,38.3,95.08333333
1950,Chukrasia_tabularis,27,312,13.17393139,189.8728004,76.32949976,28.375,16.9,38.3,95.08333333
1950,Chukrasia_tabularis,8,312,6.470140281,212.0371366,62.47678962,28.375,16.9,38.3,95.08333333
1951,Chukrasia_tabularis,8,312.4,2.320318955,214.4541039,61.21618508,28.45833333,17.6,39,120.6666667
1951,Chukrasia_tabularis,8,312.4,4.63575897,186.8936595,78.44146279,28.45833333,17.6,39,120.6666667
1951,Toona_ciliata,8,312.4,6.741307196,208.1432459,65.16047131,28.45833333,17.6,39,120.6666667
1951,Chukrasia_tabularis,8,312.4,9.202236246,197.3728076,71.89199523,28.45833333,17.6,39,120.6666667
1951,Chukrasia_tabularis,8,312.4,4.203920056,213.5412157,61.78674019,28.45833333,17.6,39,120.6666667
1952,Melia_azedarach,27,312.8,49.98126828,194.1362997,74.1648127,28.49166667,16.5,38.3,112.6666667
1952,Afzelia_xylocarpa,8,312.8,6.882995372,210.1446821,64.1595737,28.49166667,16.5,38.3,112.6666667
1952,Chukrasia_tabularis,8,312.8,3.827164596,205.0739724,67.32876723,28.49166667,16.5,38.3,112.6666667
1953,Afzelia_xylocarpa,8,313.2,10.36640444,206.8765298,66.45216887,28.54,19,36.6,140.8
1953,Toona_ciliata,8,313.2,5.280263035,165.294441,92.44097437,28.54,19,36.6,140.8
1953,Afzelia_xylocarpa,8,313.2,13.69798976,209.5624503,64.77346858,28.54,19,36.6,140.8
1953,Chukrasia_tabularis,8,313.2,5.084502192,195.0432363,73.84797734,28.54,19,36.6,140.8
1953,Chukrasia_tabularis,27,313.2,29.73090382,206.0858807,66.94632456,28.54,19,36.6,140.8
1954,Afzelia_xylocarpa,8,313.6,3.12391999,200.1821621,70.88614871,28.01818182,17.4,38.7,82.45454545
1954,Chukrasia_tabularis,8,313.6,4.155991625,206.5210643,66.92433484,28.01818182,17.4,38.7,82.45454545
1954,Chukrasia_tabularis,27,313.6,12.26508322,177.0070868,85.37057078,28.01818182,17.4,38.7,82.45454545
1954,Toona_ciliata,8,313.6,11.16111738,222.3858657,57.00883392,28.01818182,17.4,38.7,82.45454545
1955,Afzelia_xylocarpa,8,314.1,6.38074138,203.9792553,68.82546541,27.24166667,15.2,35.8,109.3333333
1955,Afzelia_xylocarpa,8,314.1,16.58806477,174.7148191,87.11573808,27.24166667,15.2,35.8,109.3333333
1955,Afzelia_xylocarpa,8,314.1,17.42196149,175.5400369,86.59997694,27.24166667,15.2,35.8,109.3333333
1956,Chukrasia_tabularis,27,314.6,32.53602523,189.7895333,78.00654171,27.225,14.5,37.1,112.4166667
1956,Afzelia_xylocarpa,8,314.6,11.80378488,193.3938714,75.75383039,27.225,14.5,37.1,112.4166667
1956,Chukrasia_tabularis,8,314.6,3.278090777,210.6654326,64.95910462,27.225,14.5,37.1,112.4166667
1956,Chukrasia_tabularis,8,314.6,6.978122849,219.8694674,59.20658288,27.225,14.5,37.1,112.4166667
1957,Toona_ciliata,8,315.1,7.404920671,201.3609742,71.08689112,28.25,17,38.8,94.5
1957,Afzelia_xylocarpa,8,315.1,8.055809763,196.5744001,74.07849995,28.25,17,38.8,94.5
1957,Afzelia_xylocarpa,8,315.1,10.64480353,210.0809425,65.63691096,28.25,17,38.8,94.5
1957,Afzelia_xylocarpa,8,315.1,5.870463821,203.2483322,69.9072924,28.25,17,38.8,94.5
1957,Toona_ciliata,8,315.1,3.766368938,224.491147,56.63053315,28.25,17,38.8,94.5
1958,Afzelia_xylocarpa,27,315.7,46.87316917,176.3011193,87.12430044,28.4,15.7,38.5,75.08333333
1958,Chukrasia_tabularis,8,315.7,9.629972461,205.8626753,68.64832794,28.4,15.7,38.5,75.08333333
1958,Afzelia_xylocarpa,8,315.7,14.8380441,185.8079602,81.18252489,28.4,15.7,38.5,75.08333333
1958,Chukrasia_tabularis,8,315.7,2.610087582,217.4839853,61.38500919,28.4,15.7,38.5,75.08333333
1959,Melia_azedarach,8,315.8,41.9822199,204.9926853,69.2545717,28.55833333,16.2,37.8,93.5
1959,Afzelia_xylocarpa,8,315.8,11.52421609,181.1770928,84.13931703,28.55833333,16.2,37.8,93.5
1959,Melia_azedarach,8,315.8,42.30653511,197.4082253,73.99485916,28.55833333,16.2,37.8,93.5
1959,Toona_ciliata,8,315.8,12.44359017,205.8975592,68.68902553,28.55833333,16.2,37.8,93.5
1959,Chukrasia_tabularis,8,315.8,3.777155752,220.1633695,59.77289409,28.55833333,16.2,37.8,93.5
1959,Toona_ciliata,8,315.8,11.5331209,215.0291592,62.9817755,28.55833333,16.2,37.8,93.5
1959,Chukrasia_tabularis,8,315.8,12.18966366,195.0988725,75.4382047,28.55833333,16.2,37.8,93.5
1960,Chukrasia_tabularis,8,316.8,2.934296975,215.2613428,63.46166073,28.71666667,17.4,39.3,73.83333333
1960,Afzelia_xylocarpa,27,316.8,32.96761446,200.0397355,72.97516533,28.71666667,17.4,39.3,73.83333333
1960,Afzelia_xylocarpa,8,316.8,10.19068689,207.1900584,68.50621351,28.71666667,17.4,39.3,73.83333333
1960,Chukrasia_tabularis,8,316.8,10.14058581,187.9210708,80.54933073,28.71666667,17.4,39.3,73.83333333
1961,Afzelia_xylocarpa,8,317.5,12.93356694,172.9455493,90.34653166,28.03333333,16.6,38.6,88
1961,Toona_ciliata,27,317.5,13.97364058,197.6692957,74.8941902,28.03333333,16.6,38.6,88
1961,Toona_ciliata,27,317.5,27.29602935,187.3833191,81.32292554,28.03333333,16.6,38.6,88
1961,Toona_ciliata,8,317.5,14.60436544,213.5923435,64.9422853,28.03333333,16.6,38.6,88
1961,Afzelia_xylocarpa,8,317.5,3.840937409,201.8857582,72.2589011,28.03333333,16.6,38.6,88
1961,Afzelia_xylocarpa,8,317.5,9.635089241,191.3385263,78.85092103,28.03333333,16.6,38.6,88
1961,Afzelia_xylocarpa,8,317.5,15.97726989,195.731782,76.10513627,28.03333333,16.6,38.6,88
1962,Melia_azedarach,8,318.3,34.00954785,227.3166233,56.86461046,27.86,15.5,39.2,57.5
1962,Chukrasia_tabularis,27,318.3,35.02199815,201.2322729,73.16732943,27.86,15.5,39.2,57.5
1962,Toona_ciliata,8,318.3,4.177047449,217.1258879,63.23382007,27.86,15.5,39.2,57.5
1963,Melia_azedarach,27,318.8,106.3381771,193.7860463,78.13372106,28.33333333,13.9,39.9,103
1963,Afzelia_xylocarpa,8,318.8,18.02325183,198.1743615,75.39102403,28.33333333,13.9,39.9,103
1963,Afzelia_xylocarpa,27,318.8,64.00571819,179.9204434,86.79972287,28.33333333,13.9,39.9,103
1964,Toona_ciliata,27,319.4,40.90493134,183.1295244,85.16904726,28.11666667,17.7,38.3,122.1666667
1964,Afzelia_xylocarpa,8,319.4,2.1318207,212.5956991,66.75268807,28.11666667,17.7,38.3,122.1666667
1964,Melia_azedarach,8,319.4,35.88717881,206.1132315,70.80423033,28.11666667,17.7,38.3,122.1666667
1964,Chukrasia_tabularis,27,319.4,25.63274621,200.4798284,74.32510725,28.11666667,17.7,38.3,122.1666667
1964,Melia_azedarach,8,319.4,30.52489848,195.2340006,77.60374963,28.11666667,17.7,38.3,122.1666667
1964,Melia_azedarach,8,319.4,32.09187181,215.1363905,65.16475592,28.11666667,17.7,38.3,122.1666667
1964,Afzelia_xylocarpa,27,319.4,29.83595076,167.9738353,94.64135294,28.11666667,17.7,38.3,122.1666667
1965,Melia_azedarach,8,319.9,46.07810266,212.3338263,67.22885859,28.28333333,15.9,37.6,92.41666667
1965,Chukrasia_tabularis,27,319.9,35.59040247,183.9661967,84.95862709,28.28333333,15.9,37.6,92.41666667
1965,Toona_ciliata,8,319.9,7.031096699,225.5201378,58.98741386,28.28333333,15.9,37.6,92.41666667
1965,Melia_azedarach,8,319.9,70.77981817,204.2185101,72.30093117,28.28333333,15.9,37.6,92.41666667
1965,Toona_ciliata,27,319.9,25.79944055,182.2945847,86.00338457,28.28333333,15.9,37.6,92.41666667
1965,Melia_azedarach,27,319.9,96.66085739,199.8273228,75.04542324,28.28333333,15.9,37.6,92.41666667
1965,Melia_azedarach,8,319.9,37.85987929,221.9072781,61.24545121,28.28333333,15.9,37.6,92.41666667
1965,Chukrasia_tabularis,8,319.9,5.590353072,202.4332248,73.41673447,28.28333333,15.9,37.6,92.41666667
1965,Melia_azedarach,8,319.9,20.763298,202.7279198,73.23255012,28.28333333,15.9,37.6,92.41666667
1966,Toona_ciliata,8,321.2,5.173309745,197.060214,77.58736628,28.725,20.1,38.2,118.1666667
1966,Afzelia_xylocarpa,8,321.2,7.408348127,173.6431437,92.22303519,28.725,20.1,38.2,118.1666667
1966,Afzelia_xylocarpa,8,321.2,8.771699692,192.7821955,80.26112779,28.725,20.1,38.2,118.1666667
1966,Afzelia_xylocarpa,8,321.2,10.65908214,206.2443851,71.8472593,28.725,20.1,38.2,118.1666667
1966,Melia_azedarach,8,321.2,83.13449857,186.9456241,83.90898496,28.725,20.1,38.2,118.1666667
1966,Afzelia_xylocarpa,8,321.2,15.24044691,208.8310901,70.23056867,28.725,20.1,38.2,118.1666667
1966,Afzelia_xylocarpa,8,321.2,9.805415918,175.2397031,91.22518556,28.725,20.1,38.2,118.1666667
1966,Melia_azedarach,8,321.2,27.62176578,220.8772622,62.7017111,28.725,20.1,38.2,118.1666667
1966,Afzelia_xylocarpa,8,321.2,7.746754812,217.7597306,64.65016836,28.725,20.1,38.2,118.1666667
1967,Afzelia_xylocarpa,27,322,66.47765989,167.38695,96.63315626,28.05,16.6,37.1,89.83333333
1967,Afzelia_xylocarpa,8,322,6.850754432,207.9810243,71.26185981,28.05,16.6,37.1,89.83333333
1967,Melia_azedarach,8,322,15.72829473,208.5335638,70.91652263,28.05,16.6,37.1,89.83333333
1967,Melia_azedarach,8,322,38.56293518,219.0230449,64.36059693,28.05,16.6,37.1,89.83333333
1967,Chukrasia_tabularis,8,322,5.642442888,224.3094558,61.05659011,28.05,16.6,37.1,89.83333333
1967,Melia_azedarach,8,322,27.24810534,193.9180363,80.05122729,28.05,16.6,37.1,89.83333333
1967,Chukrasia_tabularis,8,322,5.205988996,189.4165826,82.86463584,28.05,16.6,37.1,89.83333333
1967,Melia_azedarach,8,322,17.19240601,205.4569719,72.83939254,28.05,16.6,37.1,89.83333333
1967,Afzelia_xylocarpa,8,322,6.451574409,201.4612577,75.33671393,28.05,16.6,37.1,89.83333333
1967,Toona_ciliata,8,322,11.32965628,207.1011241,71.81179746,28.05,16.6,37.1,89.83333333
1967,Chukrasia_tabularis,27,322,36.2801045,187.9507371,83.7807893,28.05,16.6,37.1,89.83333333
1967,Afzelia_xylocarpa,8,322,14.81022085,197.0622708,78.08608073,28.05,16.6,37.1,89.83333333
1968,Toona_ciliata,8,322.9,5.939367673,211.166779,69.83326314,28.38333333,16.8,36.5,73.91666667
1968,Chukrasia_tabularis,8,322.9,5.400350857,209.5064936,70.87094149,28.38333333,16.8,36.5,73.91666667
1968,Melia_azedarach,8,322.9,22.73568249,211.5910334,69.56810413,28.38333333,16.8,36.5,73.91666667
1968,Chukrasia_tabularis,8,322.9,3.037449337,221.3270811,63.48307433,28.38333333,16.8,36.5,73.91666667
1968,Melia_azedarach,8,322.9,24.36397754,190.06874,83.01953751,28.38333333,16.8,36.5,73.91666667
1968,Chukrasia_tabularis,27,322.9,34.868772,193.6208431,80.79947309,28.38333333,16.8,36.5,73.91666667
1968,Toona_ciliata,8,322.9,3.760044384,222.7413465,62.59915843,28.38333333,16.8,36.5,73.91666667
1968,Toona_ciliata,27,322.9,38.013895,182.8696354,87.51897789,28.38333333,16.8,36.5,73.91666667
1969,Toona_ciliata,8,324.5,10.71890662,218.0285851,66.54463429,28.29090909,15.8,38.5,93.81818182
1969,Melia_azedarach,27,324.5,74.52667097,197.0027301,79.68579372,28.29090909,15.8,38.5,93.81818182
1969,Toona_ciliata,8,324.5,3.465287584,222.7579814,63.58876164,28.29090909,15.8,38.5,93.81818182
1969,Toona_ciliata,27,324.5,45.00880409,193.1233873,82.11038293,28.29090909,15.8,38.5,93.81818182
1969,Afzelia_xylocarpa,8,324.5,26.85247341,182.9891602,88.44427488,28.29090909,15.8,38.5,93.81818182
1969,Afzelia_xylocarpa,8,324.5,13.3910773,191.0644616,83.3972115,28.29090909,15.8,38.5,93.81818182
1969,Chukrasia_tabularis,8,324.5,5.247515726,217.0051438,67.18428511,28.29090909,15.8,38.5,93.81818182
1969,Melia_azedarach,27,324.5,112.8711542,205.6022359,74.31110257,28.29090909,15.8,38.5,93.81818182
1969,Toona_ciliata,27,324.5,47.3876312,193.9839615,81.57252409,28.29090909,15.8,38.5,93.81818182
1969,Afzelia_xylocarpa,8,324.5,7.219921421,183.7611546,87.96177835,28.29090909,15.8,38.5,93.81818182
1969,Toona_ciliata,8,324.5,9.105507165,214.9769565,68.45190216,28.29090909,15.8,38.5,93.81818182
1970,Toona_ciliata,8,325.5,6.478035458,208.6257464,73.04640847,27.49,18,37.8,120.4
1970,Afzelia_xylocarpa,8,325.5,5.173632116,191.8900627,83.50621078,27.49,18,37.8,120.4
1970,Afzelia_xylocarpa,8,325.5,3.71402529,234.8175908,56.67650577,27.49,18,37.8,120.4
1970,Melia_azedarach,27,325.5,85.20056506,221.0120989,65.30493822,27.49,18,37.8,120.4
1970,Melia_azedarach,27,325.5,100.333264,191.271582,83.89276128,27.49,18,37.8,120.4
1970,Chukrasia_tabularis,8,325.5,5.68784871,205.3214978,75.11156388,27.49,18,37.8,120.4
1970,Afzelia_xylocarpa,8,325.5,5.17370101,204.1683976,75.83225148,27.49,18,37.8,120.4
1970,Afzelia_xylocarpa,8,325.5,10.54544072,204.8621678,75.39864512,27.49,18,37.8,120.4
1970,Afzelia_xylocarpa,8,325.5,9.029784591,209.3228428,72.61072327,27.49,18,37.8,120.4
1970,Chukrasia_tabularis,8,325.5,4.202576299,227.3978458,61.31384638,27.49,18,37.8,120.4
1970,Chukrasia_tabularis,8,325.5,6.667387336,205.421965,75.04877184,27.49,18,37.8,120.4
1970,Chukrasia_tabularis,27,325.5,25.20506997,196.8614855,80.39907158,27.49,18,37.8,120.4
1970,Melia_azedarach,27,325.5,100.1714643,200.9975749,77.81401567,27.49,18,37.8,120.4
1970,Melia_azedarach,8,325.5,32.3825539,195.6867479,81.13328254,27.49,18,37.8,120.4
1971,Melia_azedarach,27,326.2,76.05007085,206.0333968,75.10412697,27.91666667,16.4,37.6,83
1971,Chukrasia_tabularis,27,326.2,28.710375,192.3471936,83.65800399,27.91666667,16.4,37.6,83
1971,Melia_azedarach,8,326.2,45.85815096,191.2469247,84.34567208,27.91666667,16.4,37.6,83
1971,Chukrasia_tabularis,8,326.2,4.434631582,224.7774593,63.38908797,27.91666667,16.4,37.6,83
1971,Melia_azedarach,27,326.2,81.74352152,204.5612224,76.02423597,27.91666667,16.4,37.6,83
1971,Afzelia_xylocarpa,27,326.2,53.68751849,170.3288009,97.41949945,27.91666667,16.4,37.6,83
1971,Melia_azedarach,27,326.2,77.27758419,210.630585,72.23088438,27.91666667,16.4,37.6,83
1971,Toona_ciliata,8,326.2,10.45001717,221.8086527,65.24459206,27.91666667,16.4,37.6,83
1971,Melia_azedarach,8,326.2,17.4241968,213.2999246,70.56254715,27.91666667,16.4,37.6,83
1971,Melia_azedarach,27,326.2,90.87293347,218.5094863,67.30657105,27.91666667,16.4,37.6,83
1971,Chukrasia_tabularis,8,326.2,2.628217204,225.0843369,63.19728941,27.91666667,16.4,37.6,83
1971,Afzelia_xylocarpa,8,326.2,11.54352456,202.9305454,77.04340911,27.91666667,16.4,37.6,83
1971,Melia_azedarach,8,326.2,30.3382387,197.6695921,80.33150496,27.91666667,16.4,37.6,83
1972,Melia_azedarach,27,327.3,91.71554812,206.6505852,75.40588424,28.88333333,16.6,38.1,91.75
1972,Melia_azedarach,8,327.3,29.39301716,203.6448985,77.28443847,28.88333333,16.6,38.1,91.75
1972,Afzelia_xylocarpa,8,327.3,6.357386256,220.166708,66.95830748,28.88333333,16.6,38.1,91.75
1972,Afzelia_xylocarpa,27,327.3,54.68613647,182.2423449,90.66103446,28.88333333,16.6,38.1,91.75
1972,Melia_azedarach,8,327.3,15.08618428,222.6324536,65.41721652,28.88333333,16.6,38.1,91.75
1973,Melia_azedarach,8,329.5,35.98018253,210.380527,74.44967062,28.7,15.9,39.6,90.41666667
1973,Afzelia_xylocarpa,8,329.5,5.645015389,212.3635988,73.21025073,28.7,15.9,39.6,90.41666667
1973,Melia_azedarach,8,329.5,63.45586355,188.9522124,87.84236726,28.7,15.9,39.6,90.41666667
1973,Afzelia_xylocarpa,27,329.5,29.15554484,183.2066007,91.43337454,28.7,15.9,39.6,90.41666667
1973,Melia_azedarach,8,329.5,26.97915859,216.0187549,70.92577817,28.7,15.9,39.6,90.41666667
1973,Chukrasia_tabularis,27,329.5,19.75116194,195.6488956,83.65694025,28.7,15.9,39.6,90.41666667
1973,Melia_azedarach,8,329.5,32.89046834,197.2088246,82.68198462,28.7,15.9,39.6,90.41666667
1973,Afzelia_xylocarpa,8,329.5,9.029566496,170.1638871,99.58507056,28.7,15.9,39.6,90.41666667
1973,Melia_azedarach,8,329.5,31.04402034,202.1030999,79.62306258,28.7,15.9,39.6,90.41666667
1973,Melia_azedarach,8,329.5,51.51199943,190.5213807,86.86163706,28.7,15.9,39.6,90.41666667
1974,Melia_azedarach,27,330.1,89.00007003,207.1975413,76.81403668,28.21666667,17.2,37,93
1974,Chukrasia_tabularis,27,330.1,22.6286874,209.3174704,75.489081,28.21666667,17.2,37,93
1974,Afzelia_xylocarpa,8,330.1,9.590990308,221.5750766,67.82807713,28.21666667,17.2,37,93
1974,Chukrasia_tabularis,8,330.1,3.629389715,231.1406522,61.8495924,28.21666667,17.2,37,93
1974,Melia_azedarach,8,330.1,19.87454526,212.2386011,73.66337432,28.21666667,17.2,37,93
1974,Toona_ciliata,27,330.1,55.75731618,222.4991344,67.25054102,28.21666667,17.2,37,93
1974,Afzelia_xylocarpa,8,330.1,4.139838299,228.8059949,63.30875317,28.21666667,17.2,37,93
1975,Afzelia_xylocarpa,8,331,8.475038347,195.7829558,84.51065261,28.20833333,16.2,38.3,102.4166667
1975,Toona_ciliata,8,331,6.169204434,231.0871151,62.44555305,28.20833333,16.2,38.3,102.4166667
1975,Toona_ciliata,8,331,5.692800015,213.3157474,73.55265788,28.20833333,16.2,38.3,102.4166667
1975,Afzelia_xylocarpa,8,331,6.395224135,219.5587088,69.65080702,28.20833333,16.2,38.3,102.4166667
1975,Chukrasia_tabularis,8,331,2.71340108,223.4664034,67.20849787,28.20833333,16.2,38.3,102.4166667
1975,Melia_azedarach,8,331,59.30890784,203.4155473,79.74028296,28.20833333,16.2,38.3,102.4166667
1975,Melia_azedarach,8,331,79.44368503,192.7602587,86.39983834,28.20833333,16.2,38.3,102.4166667
1975,Melia_azedarach,8,331,61.69832688,207.9937958,76.8788776,28.20833333,16.2,38.3,102.4166667
1975,Melia_azedarach,8,331,89.14117668,207.5096791,77.18145057,28.20833333,16.2,38.3,102.4166667
1975,Afzelia_xylocarpa,8,331,15.52772723,190.8334167,87.60411457,28.20833333,16.2,38.3,102.4166667
1975,Toona_ciliata,27,331,36.76651382,210.9857594,75.00890038,28.20833333,16.2,38.3,102.4166667
1975,Melia_azedarach,27,331,69.07174507,205.829451,78.23159314,28.20833333,16.2,38.3,102.4166667
1975,Toona_ciliata,8,331,5.298815718,233.2756479,61.07772008,28.20833333,16.2,38.3,102.4166667
1976,Chukrasia_tabularis,8,332,2.032118936,226.903086,65.68557126,28.9125,23.7,37.9,138.5
1976,Chukrasia_tabularis,27,332,54.7376939,190.4138558,88.49134016,28.9125,23.7,37.9,138.5
1976,Afzelia_xylocarpa,8,332,5.844183598,179.475481,95.32782437,28.9125,23.7,37.9,138.5
1976,Melia_azedarach,8,332,17.57532013,219.8383489,70.10103194,28.9125,23.7,37.9,138.5
1976,Chukrasia_tabularis,8,332,8.239627834,229.2526829,64.21707319,28.9125,23.7,37.9,138.5
1976,Toona_ciliata,8,332,9.239636397,222.1014771,68.68657682,28.9125,23.7,37.9,138.5
1976,Melia_azedarach,27,332,115.480539,175.7364936,97.66469153,28.9125,23.7,37.9,138.5
1976,Afzelia_xylocarpa,8,332,7.909188182,203.6446962,80.22206487,28.9125,23.7,37.9,138.5
1976,Toona_ciliata,27,332,12.37418404,194.6783991,85.82600054,28.9125,23.7,37.9,138.5
1976,Afzelia_xylocarpa,27,332,40.59895097,193.1616749,86.7739532,28.9125,23.7,37.9,138.5
1976,Afzelia_xylocarpa,27,332,56.43392462,165.3059334,104.1837916,28.9125,23.7,37.9,138.5
1976,Toona_ciliata,27,332,56.46644236,185.4152712,91.61545548,28.9125,23.7,37.9,138.5
1976,Afzelia_xylocarpa,8,332,10.33664029,193.2602645,86.7123347,28.9125,23.7,37.9,138.5
1976,Melia_azedarach,27,332,46.17576112,183.4090479,92.86934508,28.9125,23.7,37.9,138.5
1977,Toona_ciliata,27,333.7,43.48283171,188.530691,90.73081814,28.48181818,19.5,37.7,60.54545455
1977,Chukrasia_tabularis,8,333.7,3.564140417,226.4410046,67.03687215,28.48181818,19.5,37.7,60.54545455
1977,Afzelia_xylocarpa,8,333.7,8.830512724,190.192504,89.69218503,28.48181818,19.5,37.7,60.54545455
1977,Chukrasia_tabularis,8,333.7,5.09084945,199.0370307,84.16435583,28.48181818,19.5,37.7,60.54545455
1977,Afzelia_xylocarpa,8,333.7,4.221979928,239.1001461,59.1249087,28.48181818,19.5,37.7,60.54545455
1977,Chukrasia_tabularis,27,333.7,24.95578585,208.1161393,78.48991295,28.48181818,19.5,37.7,60.54545455
1977,Afzelia_xylocarpa,27,333.7,37.63802088,187.0380342,91.66372865,28.48181818,19.5,37.7,60.54545455
1977,Melia_azedarach,27,333.7,89.74154778,194.9755221,86.70279869,28.48181818,19.5,37.7,60.54545455
1977,Chukrasia_tabularis,8,333.7,3.07279701,203.6676888,81.27019452,28.48181818,19.5,37.7,60.54545455
1977,Afzelia_xylocarpa,8,333.7,7.557677133,208.4013127,78.31167958,28.48181818,19.5,37.7,60.54545455
1977,Chukrasia_tabularis,8,333.7,5.528640016,219.1019382,71.62378865,28.48181818,19.5,37.7,60.54545455
1977,Afzelia_xylocarpa,8,333.7,7.907802297,197.9776624,84.82646099,28.48181818,19.5,37.7,60.54545455
1977,Chukrasia_tabularis,27,333.7,29.40113038,199.6536934,83.77894164,28.48181818,19.5,37.7,60.54545455
1977,Melia_azedarach,27,333.7,46.49853571,246.6475557,54.40777772,28.48181818,19.5,37.7,60.54545455
1977,Toona_ciliata,8,333.7,6.549688145,215.5016326,73.87397961,28.48181818,19.5,37.7,60.54545455
1978,Melia_azedarach,27,335.3,100.7697463,222.4326807,70.54207459,28.21666667,18.6,38.7,100.9166667
1978,Melia_azedarach,27,335.3,104.1250857,199.8177912,84.67638051,28.21666667,18.6,38.7,100.9166667
1978,Afzelia_xylocarpa,27,335.3,53.49252892,190.9192764,90.23795226,28.21666667,18.6,38.7,100.9166667
1978,Toona_ciliata,8,335.3,2.422488977,240.7573941,59.08912869,28.21666667,18.6,38.7,100.9166667
1978,Toona_ciliata,27,335.3,49.29221089,203.1550817,82.59057391,28.21666667,18.6,38.7,100.9166667
1978,Afzelia_xylocarpa,27,335.3,44.46213789,167.6580724,104.7762047,28.21666667,18.6,38.7,100.9166667
1978,Melia_azedarach,27,335.3,57.00592328,195.4689339,87.39441631,28.21666667,18.6,38.7,100.9166667
1978,Afzelia_xylocarpa,27,335.3,43.01036257,167.9310161,104.6056149,28.21666667,18.6,38.7,100.9166667
1978,Melia_azedarach,27,335.3,74.27512002,211.0201408,77.67491198,28.21666667,18.6,38.7,100.9166667
1979,Chukrasia_tabularis,8,336.7,26.40878825,214.9932868,76.06669574,28.71666667,17.5,38.8,56.41666667
1979,Chukrasia_tabularis,27,336.7,25.42459866,198.3987536,86.43827898,28.71666667,17.5,38.8,56.41666667
1979,Toona_ciliata,8,336.7,14.07889807,232.3698152,65.20636553,28.71666667,17.5,38.8,56.41666667
1979,Melia_azedarach,27,336.7,60.41150472,207.1474672,80.97033298,28.71666667,17.5,38.8,56.41666667
1979,Melia_azedarach,8,336.7,12.08528647,219.9814797,72.94907521,28.71666667,17.5,38.8,56.41666667
1979,Melia_azedarach,27,336.7,73.8184761,221.3946055,72.06587155,28.71666667,17.5,38.8,56.41666667
1979,Chukrasia_tabularis,27,336.7,31.92892004,201.6749262,84.39067116,28.71666667,17.5,38.8,56.41666667
1979,Afzelia_xylocarpa,27,336.7,53.97273184,199.0237074,86.04768289,28.71666667,17.5,38.8,56.41666667
1979,Toona_ciliata,8,336.7,4.315348067,229.1617297,67.21141896,28.71666667,17.5,38.8,56.41666667
1979,Toona_ciliata,8,336.7,5.349556448,241.2913386,59.63041338,28.71666667,17.5,38.8,56.41666667
1979,Afzelia_xylocarpa,8,336.7,4.512112445,223.2320011,70.91749933,28.71666667,17.5,38.8,56.41666667
1979,Toona_ciliata,27,336.7,45.63115814,203.2767656,83.38952147,28.71666667,17.5,38.8,56.41666667
1979,Afzelia_xylocarpa,27,336.7,38.85112788,181.4032821,97.06044866,28.71666667,17.5,38.8,56.41666667
1980,Melia_azedarach,27,338.5,54.33816086,221.4612134,73.14924163,28.46666667,17.4,39.8,101.8333333
1980,Melia_azedarach,27,338.5,58.85059766,204.2599255,83.90004659,28.46666667,17.4,39.8,101.8333333
1980,Chukrasia_tabularis,27,338.5,54.10343632,203.6456903,84.28394356,28.46666667,17.4,39.8,101.8333333
1980,Afzelia_xylocarpa,27,338.5,35.79164198,217.8404435,75.41222279,28.46666667,17.4,39.8,101.8333333
1980,Melia_azedarach,8,338.5,104.3743969,220.4706855,73.76832158,28.46666667,17.4,39.8,101.8333333
1980,Chukrasia_tabularis,27,338.5,27.84813508,207.5180967,81.86368958,28.46666667,17.4,39.8,101.8333333
1980,Afzelia_xylocarpa,8,338.5,3.275322325,203.6185482,84.30090739,28.46666667,17.4,39.8,101.8333333
1980,Chukrasia_tabularis,8,338.5,5.406809761,234.9273784,64.73288847,28.46666667,17.4,39.8,101.8333333
1980,Afzelia_xylocarpa,27,338.5,34.19924038,192.0224443,91.54847234,28.46666667,17.4,39.8,101.8333333
1980,Melia_azedarach,27,338.5,74.70943153,225.7014489,70.49909444,28.46666667,17.4,39.8,101.8333333
1980,Melia_azedarach,27,338.5,108.0605313,187.0673562,94.6454024,28.46666667,17.4,39.8,101.8333333
1980,Melia_azedarach,27,338.5,138.6543542,198.1707822,87.70576114,28.46666667,17.4,39.8,101.8333333
1981,Melia_azedarach,27,339.8,86.95912758,224.441083,72.09932315,27.51818182,16.6,36.9,113.1818182
1981,Melia_azedarach,27,339.8,85.2832793,209.9172942,81.17669115,27.51818182,16.6,36.9,113.1818182
1981,Melia_azedarach,27,339.8,70.63335131,213.9056858,78.6839464,27.51818182,16.6,36.9,113.1818182
1981,Toona_ciliata,27,339.8,41.62092676,206.887118,83.07055126,27.51818182,16.6,36.9,113.1818182
1981,Toona_ciliata,8,339.8,13.07547932,235.5131181,65.1793012,27.51818182,16.6,36.9,113.1818182
1981,Afzelia_xylocarpa,8,339.8,7.842248902,216.668768,76.95702002,27.51818182,16.6,36.9,113.1818182
1981,Toona_ciliata,27,339.8,13.95021294,186.4975994,95.81400037,27.51818182,16.6,36.9,113.1818182
1981,Chukrasia_tabularis,27,339.8,49.39549986,199.2317529,87.85515444,27.51818182,16.6,36.9,113.1818182
1981,Chukrasia_tabularis,8,339.8,3.301972162,214.5286638,78.29458511,27.51818182,16.6,36.9,113.1818182
1981,Melia_azedarach,27,339.8,85.63018949,210.5406993,80.78706296,27.51818182,16.6,36.9,113.1818182
1981,Chukrasia_tabularis,8,339.8,8.087504667,226.3178909,70.92631821,27.51818182,16.6,36.9,113.1818182
1981,Toona_ciliata,27,339.8,53.32147148,215.1477904,77.90763098,27.51818182,16.6,36.9,113.1818182
1981,Chukrasia_tabularis,8,339.8,5.597762736,237.7908252,63.75573424,27.51818182,16.6,36.9,113.1818182
1981,Melia_azedarach,8,339.8,46.04906613,201.2853717,86.57164268,27.51818182,16.6,36.9,113.1818182
1982,Afzelia_xylocarpa,27,341,46.68751949,183.0059129,98.74630442,28.24545455,16.1,37.3,88
1982,Chukrasia_tabularis,8,341,8.724586376,225.2943045,72.31605968,28.24545455,16.1,37.3,88
1982,Toona_ciliata,8,341,14.26728568,245.0428831,59.97319805,28.24545455,16.1,37.3,88
1982,Afzelia_xylocarpa,27,341,36.24359827,214.4990404,79.06309975,28.24545455,16.1,37.3,88
1982,Chukrasia_tabularis,27,341,28.56325088,200.3822594,87.88608786,28.24545455,16.1,37.3,88
1982,Afzelia_xylocarpa,27,341,70.41361159,171.5585706,105.9008934,28.24545455,16.1,37.3,88
1982,Chukrasia_tabularis,8,341,0.947845546,238.9248626,63.79696087,28.24545455,16.1,37.3,88
1982,Melia_azedarach,27,341,81.7167516,211.5930583,80.87933856,28.24545455,16.1,37.3,88
1983,Melia_azedarach,27,342.6,73.2293719,211.5526652,81.90458422,28.15,17.3,40.1,100.3333333
1983,Afzelia_xylocarpa,27,342.6,79.24613062,174.929713,104.7939294,28.15,17.3,40.1,100.3333333
1983,Chukrasia_tabularis,8,342.6,9.810828153,218.0379774,77.85126415,28.15,17.3,40.1,100.3333333
1983,Chukrasia_tabularis,27,342.6,53.60404685,208.5511786,83.78051338,28.15,17.3,40.1,100.3333333
1983,Melia_azedarach,27,342.6,113.6764425,200.5483087,88.78230704,28.15,17.3,40.1,100.3333333
1983,Afzelia_xylocarpa,27,342.6,49.48895614,187.2262391,97.10860057,28.15,17.3,40.1,100.3333333
1983,Melia_azedarach,8,342.6,34.87457865,222.8431979,74.84800133,28.15,17.3,40.1,100.3333333
1983,Afzelia_xylocarpa,27,342.6,54.2105253,186.0432559,97.84796509,28.15,17.3,40.1,100.3333333
1983,Toona_ciliata,27,342.6,31.19710704,210.4276144,82.60774099,28.15,17.3,40.1,100.3333333
1983,Melia_azedarach,27,342.6,37.69524519,214.3005578,80.18715135,28.15,17.3,40.1,100.3333333
1983,Chukrasia_tabularis,27,342.6,43.77131522,196.0439095,91.59755656,28.15,17.3,40.1,100.3333333
1984,Chukrasia_tabularis,8,344.3,3.734784635,226.1546997,73.84081271,27.91666667,17.7,38.3,73.91666667
1984,Afzelia_xylocarpa,27,344.3,73.83101873,174.3074517,106.2453427,27.91666667,17.7,38.3,73.91666667
1984,Afzelia_xylocarpa,27,344.3,38.31964914,212.443026,82.41060872,27.91666667,17.7,38.3,73.91666667
1984,Afzelia_xylocarpa,27,344.3,60.27277927,178.408198,103.6823762,27.91666667,17.7,38.3,73.91666667
1984,Melia_azedarach,27,344.3,115.765357,214.5502121,81.09361743,27.91666667,17.7,38.3,73.91666667
1984,Melia_azedarach,27,344.3,37.28235674,204.8733385,87.14166342,27.91666667,17.7,38.3,73.91666667
1984,Chukrasia_tabularis,8,344.3,7.047226168,226.7244741,73.48470366,27.91666667,17.7,38.3,73.91666667
1984,Melia_azedarach,27,344.3,57.9037492,203.3828578,88.07321389,27.91666667,17.7,38.3,73.91666667
1984,Chukrasia_tabularis,27,344.3,10.57845142,213.4171976,81.8017515,27.91666667,17.7,38.3,73.91666667
1984,Melia_azedarach,8,344.3,54.11369365,214.9985018,80.81343636,27.91666667,17.7,38.3,73.91666667
1985,Afzelia_xylocarpa,27,345.7,41.06674788,199.9016748,91.12395323,28.03333333,18.3,38.8,99.83333333
1985,Afzelia_xylocarpa,27,345.7,51.27144198,185.4992871,100.1254456,28.03333333,18.3,38.8,99.83333333
1985,Melia_azedarach,8,345.7,48.6794633,224.2004617,75.93721147,28.03333333,18.3,38.8,99.83333333
1985,Chukrasia_tabularis,8,345.7,2.969310094,241.8598276,64.90010778,28.03333333,18.3,38.8,99.83333333
1985,Afzelia_xylocarpa,27,345.7,43.98234687,174.8868557,106.7582152,28.03333333,18.3,38.8,99.83333333
1985,Melia_azedarach,8,345.7,33.0285689,229.7985973,72.43837669,28.03333333,18.3,38.8,99.83333333
1985,Afzelia_xylocarpa,8,345.7,11.20819338,194.193531,94.69154312,28.03333333,18.3,38.8,99.83333333
1985,Melia_azedarach,27,345.7,30.78706418,215.1170584,81.61433852,28.03333333,18.3,38.8,99.83333333
1986,Afzelia_xylocarpa,27,347,35.298208,182.6722442,102.7048473,27.91666667,16.9,38.3,74.83333333
1986,Toona_ciliata,8,347,12.07123485,259.3426455,54.78584655,27.91666667,16.9,38.3,74.83333333
1986,Chukrasia_tabularis,27,347,8.425749319,193.8250986,95.73431336,27.91666667,16.9,38.3,74.83333333
1986,Melia_azedarach,8,347,19.85356457,253.9602198,58.14986263,27.91666667,16.9,38.3,74.83333333
1986,Chukrasia_tabularis,8,347,6.260840384,213.765305,83.27168435,27.91666667,16.9,38.3,74.83333333
1986,Chukrasia_tabularis,27,347,29.33219484,212.5239756,84.04751525,27.91666667,16.9,38.3,74.83333333
1986,Chukrasia_tabularis,27,347,9.433256491,204.340417,89.16223934,27.91666667,16.9,38.3,74.83333333
1986,Toona_ciliata,8,347,4.378189856,245.4521576,63.46740149,27.91666667,16.9,38.3,74.83333333
1986,Melia_azedarach,8,347,15.50141065,224.4716814,76.58019913,27.91666667,16.9,38.3,74.83333333
1986,Afzelia_xylocarpa,27,347,39.29911746,183.5632473,102.1479704,27.91666667,16.9,38.3,74.83333333
1986,Toona_ciliata,27,347,44.2081489,204.6219605,88.9862747,27.91666667,16.9,38.3,74.83333333
1986,Chukrasia_tabularis,27,347,6.961018262,215.163571,82.39776814,27.91666667,16.9,38.3,74.83333333
1986,Melia_azedarach,27,347,57.03966537,225.9645046,75.64718463,27.91666667,16.9,38.3,74.83333333
1987,Toona_ciliata,27,348.8,19.45884333,201.3379911,92.16375556,28.34166667,16.2,38.6,93.58333333
1987,Toona_ciliata,27,348.8,56.84156078,207.8452518,88.09671763,28.34166667,16.2,38.6,93.58333333
1987,Chukrasia_tabularis,27,348.8,15.21543803,211.366359,85.8960256,28.34166667,16.2,38.6,93.58333333
1987,Chukrasia_tabularis,8,348.8,4.894455425,232.4194258,72.73785888,28.34166667,16.2,38.6,93.58333333
1987,Toona_ciliata,8,348.8,3.469397012,248.3784208,62.76348697,28.34166667,16.2,38.6,93.58333333
1987,Chukrasia_tabularis,8,348.8,2.573765215,236.4366051,70.22712182,28.34166667,16.2,38.6,93.58333333
1987,Toona_ciliata,8,348.8,18.90767824,220.9880467,79.88247078,28.34166667,16.2,38.6,93.58333333
1987,Melia_azedarach,8,348.8,49.84812176,215.3454815,83.40907405,28.34166667,16.2,38.6,93.58333333
1987,Afzelia_xylocarpa,27,348.8,46.34464098,194.7254223,96.29661106,28.34166667,16.2,38.6,93.58333333
1988,Toona_ciliata,27,351.3,26.90007317,205.6614301,91.02410616,27.96666667,17.9,37.7,135.75
1988,Melia_azedarach,8,351.3,20.82208232,210.077358,88.26415125,27.96666667,17.9,37.7,135.75
1988,Toona_ciliata,27,351.3,20.82087075,202.8842898,92.75981887,27.96666667,17.9,37.7,135.75
1988,Toona_ciliata,27,351.3,35.61925987,184.3553599,104.3404001,27.96666667,17.9,37.7,135.75
1988,Melia_azedarach,8,351.3,29.64694404,231.6839729,74.76001693,27.96666667,17.9,37.7,135.75
1988,Melia_azedarach,8,351.3,19.64727697,220.3694103,81.83161857,27.96666667,17.9,37.7,135.75
1988,Melia_azedarach,8,351.3,23.98042801,242.5346419,67.97834884,27.96666667,17.9,37.7,135.75
1989,Melia_azedarach,27,352.8,56.17706355,243.9812787,68.01170083,28.33333333,16.9,39.4,70.16666667
1989,Toona_ciliata,27,352.8,32.32484041,203.7491692,93.15676926,28.33333333,16.9,39.4,70.16666667
1989,Melia_azedarach,8,352.8,33.99151511,226.0896344,79.19397849,28.33333333,16.9,39.4,70.16666667
1989,Melia_azedarach,8,352.8,13.50201882,224.589343,80.13166065,28.33333333,16.9,39.4,70.16666667
1989,Toona_ciliata,27,352.8,26.7176106,209.394511,89.62843061,28.33333333,16.9,39.4,70.16666667
1989,Chukrasia_tabularis,8,352.8,3.881496777,228.119841,77.92509936,28.33333333,16.9,39.4,70.16666667
1989,Afzelia_xylocarpa,27,352.8,39.38482781,200.1103792,95.43101298,28.33333333,16.9,39.4,70.16666667
1990,Melia_azedarach,8,354,20.64869483,230.2822624,77.323586,28.65833333,18.4,38.8,87.25
1990,Chukrasia_tabularis,8,354,2.27428298,223.2007268,81.74954572,28.65833333,18.4,38.8,87.25
1990,Chukrasia_tabularis,27,354,29.81656685,203.5493389,94.03166317,28.65833333,18.4,38.8,87.25
1990,Afzelia_xylocarpa,8,354,7.979241859,218.9424764,84.41095222,28.65833333,18.4,38.8,87.25
1990,Melia_azedarach,27,354,60.37395249,201.4836519,95.32271756,28.65833333,18.4,38.8,87.25
1990,Afzelia_xylocarpa,27,354,62.26153969,162.8196681,119.4877075,28.65833333,18.4,38.8,87.25
1991,Afzelia_xylocarpa,27,355.5,51.74399464,168.1516704,117.092706,28.85,19.7,39,50.75
1991,Melia_azedarach,27,355.5,59.51445814,228.0591403,79.65053729,28.85,19.7,39,50.75
1991,Chukrasia_tabularis,8,355.5,9.037266277,245.4540463,68.77872106,28.85,19.7,39,50.75
1991,Afzelia_xylocarpa,27,355.5,60.12597606,210.7506282,90.46835735,28.85,19.7,39,50.75
1991,Toona_ciliata,27,355.5,23.17017188,198.5862312,98.07110551,28.85,19.7,39,50.75
1991,Chukrasia_tabularis,8,355.5,17.01557609,220.1330754,84.60432789,28.85,19.7,39,50.75
1991,Melia_azedarach,8,355.5,27.83598543,225.7955172,81.06530172,28.85,19.7,39,50.75
1991,Chukrasia_tabularis,8,355.5,8.218500499,208.5252028,91.85924826,28.85,19.7,39,50.75
1991,Chukrasia_tabularis,8,355.5,5.19715957,229.0704851,79.01844682,28.85,19.7,39,50.75
1991,Afzelia_xylocarpa,27,355.5,37.05168578,176.9147946,111.6157534,28.85,19.7,39,50.75
1991,Melia_azedarach,27,355.5,16.52263973,225.8913225,81.00542344,28.85,19.7,39,50.75
1992,Melia_azedarach,27,356.3,76.98598944,229.7505884,79.09338223,28.62727273,18.4,40.5,88.09090909
1992,Afzelia_xylocarpa,27,356.3,24.46637713,172.638069,114.7887069,28.62727273,18.4,40.5,88.09090909
1992,Chukrasia_tabularis,8,356.3,6.704042781,232.9286481,77.10709495,28.62727273,18.4,40.5,88.09090909
1992,Chukrasia_tabularis,8,356.3,2.920866993,245.6317555,69.1676528,28.62727273,18.4,40.5,88.09090909
1993,Afzelia_xylocarpa,27,357,49.41214321,164.646099,120.2211881,28.48333333,18.1,37.6,74.25
1993,Melia_azedarach,27,357,44.98624663,216.057866,88.08883375,28.48333333,18.1,37.6,74.25
1993,Afzelia_xylocarpa,27,357,33.87148266,212.1049042,90.5594349,28.48333333,18.1,37.6,74.25
1993,Melia_azedarach,27,357,90.14608729,205.919539,94.42528813,28.48333333,18.1,37.6,74.25
1993,Afzelia_xylocarpa,27,357,46.36004259,178.0622358,111.8361026,28.48333333,18.1,37.6,74.25
1993,Toona_ciliata,27,357,29.59677047,192.8421115,102.5986803,28.48333333,18.1,37.6,74.25
1994,Melia_azedarach,27,358.8225,59.20907869,218.7065058,87.57249637,28.81,19.7,37.9,99.3
1994,Afzelia_xylocarpa,27,358.8225,61.39057423,187.6917122,106.9567424,28.81,19.7,37.9,99.3
1994,Afzelia_xylocarpa,27,358.8225,26.74086834,204.6878057,96.33418393,28.81,19.7,37.9,99.3
1994,Chukrasia_tabularis,27,358.8225,29.19657387,212.6011669,91.38833319,28.81,19.7,37.9,99.3
1994,Chukrasia_tabularis,8,358.8225,2.759611781,237.0804233,76.08879796,28.81,19.7,37.9,99.3
1995,Chukrasia_tabularis,8,360.7958333,3.230492804,232.7652899,80.01908967,27.22857143,17.7,35.1,121.8571429
1995,Melia_azedarach,8,360.7958333,38.79986646,237.585479,77.00647146,27.22857143,17.7,35.1,121.8571429
1995,Melia_azedarach,27,360.7958333,79.91194412,223.5939791,85.75115889,27.22857143,17.7,35.1,121.8571429
1995,Melia_azedarach,8,360.7958333,21.06603507,223.290563,85.94079397,27.22857143,17.7,35.1,121.8571429
1995,Chukrasia_tabularis,27,360.7958333,44.89652998,211.2607487,93.45942792,27.22857143,17.7,35.1,121.8571429
1996,Afzelia_xylocarpa,8,362.5875,8.724307466,207.257199,97.08143811,27.74166667,18.4,37.4,108.5833333
1996,Melia_azedarach,8,362.5875,9.486823316,226.4725109,85.0718682,27.74166667,18.4,37.4,108.5833333
1996,Melia_azedarach,27,362.5875,44.23338388,220.192167,88.9970831,27.74166667,18.4,37.4,108.5833333
1996,Melia_azedarach,8,362.5875,16.42286429,236.2828304,78.9404185,27.74166667,18.4,37.4,108.5833333
1996,Chukrasia_tabularis,27,362.5875,23.99620257,220.8166755,88.60676529,27.74166667,18.4,37.4,108.5833333
1996,Toona_ciliata,27,362.5875,41.00340858,189.1356861,108.4073837,27.74166667,18.4,37.4,108.5833333
1996,Melia_azedarach,27,362.5875,43.33269841,229.3179448,83.29347201,27.74166667,18.4,37.4,108.5833333
1996,Melia_azedarach,8,362.5875,106.8495885,223.2803547,87.06696581,27.74166667,18.4,37.4,108.5833333
1996,Toona_ciliata,27,362.5875,37.99372519,231.6812613,81.81639916,27.74166667,18.4,37.4,108.5833333
1996,Afzelia_xylocarpa,27,362.5875,32.35782806,204.1544617,99.02064891,27.74166667,18.4,37.4,108.5833333
1997,Toona_ciliata,27,363.705,45.72692772,223.8981812,87.37926175,27.68571429,18.3,37.1,84
1997,Chukrasia_tabularis,8,363.705,7.425701316,234.295183,80.88113565,27.68571429,18.3,37.1,84
1997,Chukrasia_tabularis,27,363.705,58.91776324,216.7456831,91.84957308,27.68571429,18.3,37.1,84
1997,Melia_azedarach,8,363.705,41.0131105,232.8412124,81.78986723,27.68571429,18.3,37.1,84
1997,Chukrasia_tabularis,27,363.705,32.66598904,213.5063306,93.87416837,27.68571429,18.3,37.1,84
1997,Melia_azedarach,27,363.705,36.91047417,221.7772912,88.70481797,27.68571429,18.3,37.1,84
1998,Melia_azedarach,27,366.6525,88.01107751,219.1347615,92.19858659,29,20.1,39.3,101.5454545
1998,Melia_azedarach,8,366.6525,16.66856231,241.3004185,78.34505095,29,20.1,39.3,101.5454545
1998,Melia_azedarach,27,366.6525,33.33267141,218.4880975,92.60275156,29,20.1,39.3,101.5454545
1998,Toona_ciliata,27,366.6525,20.70941665,250.0328689,72.88726945,29,20.1,39.3,101.5454545
1998,Afzelia_xylocarpa,27,366.6525,40.04661669,196.1059297,106.5916064,29,20.1,39.3,101.5454545
1998,Chukrasia_tabularis,8,366.6525,2.595713347,236.5489095,81.31474408,29,20.1,39.3,101.5454545
1998,Afzelia_xylocarpa,8,366.6525,3.80509628,246.3244563,75.20502732,29,20.1,39.3,101.5454545
1999,Melia_azedarach,27,368.3258333,61.43902628,226.5567436,88.60568107,28.01111111,19.9,37.8,110.8888889
1999,Melia_azedarach,8,368.3258333,16.95830644,237.8649986,81.53802169,28.01111111,19.9,37.8,110.8888889
1999,Melia_azedarach,8,368.3258333,29.36946893,242.9583816,78.35465735,28.01111111,19.9,37.8,110.8888889
1999,Melia_azedarach,27,368.3258333,39.56190539,195.3783006,108.0922079,28.01111111,19.9,37.8,110.8888889
1999,Melia_azedarach,27,368.3258333,46.46518381,226.9521184,88.35857184,28.01111111,19.9,37.8,110.8888889
1999,Melia_azedarach,8,368.3258333,15.89737856,236.5875579,82.33642215,28.01111111,19.9,37.8,110.8888889
1999,Melia_azedarach,8,368.3258333,24.68280681,251.3580761,73.10484829,28.01111111,19.9,37.8,110.8888889
1999,Toona_ciliata,27,368.3258333,66.69049951,218.7454097,93.48776477,28.01111111,19.9,37.8,110.8888889
2000,Melia_azedarach,27,369.525,89.59236105,224.7094562,90.5097149,27.66666667,19.9,36.4,109.6666667
2000,Afzelia_xylocarpa,27,369.525,22.08924388,193.9429171,109.7388018,27.66666667,19.9,36.4,109.6666667
2000,Chukrasia_tabularis,8,369.525,2.761555761,214.4949348,96.89379076,27.66666667,19.9,36.4,109.6666667
2000,Toona_ciliata,27,369.525,40.73362453,234.4530606,84.41996215,27.66666667,19.9,36.4,109.6666667
2000,Afzelia_xylocarpa,27,369.525,17.59579284,197.4462673,107.5492079,27.66666667,19.9,36.4,109.6666667
2000,Chukrasia_tabularis,27,369.525,21.79609777,216.5383913,95.61663043,27.66666667,19.9,36.4,109.6666667
2000,Melia_azedarach,27,369.525,116.888491,229.909996,87.25937749,27.66666667,19.9,36.4,109.6666667
2000,Melia_azedarach,8,369.525,28.54700547,242.7740899,79.2193188,27.66666667,19.9,36.4,109.6666667
2001,Chukrasia_tabularis,8,371.13,5.664132562,237.3477629,83.61389818,28.95,20.3,39.3,102.375
2001,Chukrasia_tabularis,27,371.13,21.86107194,222.8506529,92.67459192,28.95,20.3,39.3,102.375
2001,Afzelia_xylocarpa,27,371.13,36.9281581,204.2815015,104.2803116,28.95,20.3,39.3,102.375
2001,Melia_azedarach,8,371.13,45.74167901,244.0887229,79.40079817,28.95,20.3,39.3,102.375
2001,Melia_azedarach,27,371.13,23.12689103,205.9258738,103.2525789,28.95,20.3,39.3,102.375
2002,Melia_azedarach,27,373.215,15.70549253,238.0745596,84.46277523,28.02,19,36.9,114.5
2002,Afzelia_xylocarpa,27,373.215,44.27953635,210.7067252,101.5676717,28.02,19,36.9,114.5
2002,Chukrasia_tabularis,8,373.215,3.396985935,270.1505924,64.41525474,28.02,19,36.9,114.5
2003,Melia_azedarach,27,375.7741667,58.27488152,215.4650518,100.1931968,28.13333333,18.1,38.5,92.66666667
2003,Afzelia_xylocarpa,27,375.7741667,15.68922695,211.0366509,102.9609474,28.13333333,18.1,38.5,92.66666667
2003,Toona_ciliata,27,375.7741667,14.95349429,225.4868784,93.92955514,28.13333333,18.1,38.5,92.66666667
2003,Melia_azedarach,8,375.7741667,22.52568793,230.1897163,90.99028145,28.13333333,18.1,38.5,92.66666667
2003,Chukrasia_tabularis,27,375.7741667,38.224851,217.5997249,98.85902611,28.13333333,18.1,38.5,92.66666667
2003,Melia_azedarach,27,375.7741667,31.96277747,205.8541137,106.2000331,28.13333333,18.1,38.5,92.66666667
2003,Chukrasia_tabularis,8,375.7741667,4.533328224,244.8940892,81.8000484,28.13333333,18.1,38.5,92.66666667
2003,Melia_azedarach,8,375.7741667,22.78830544,248.202929,79.73202354,28.13333333,18.1,38.5,92.66666667
2004,Afzelia_xylocarpa,27,377.4908333,24.46867031,192.6375961,115.5332733,28.41111111,17.4,39.8,103.2222222
2004,Melia_azedarach,27,377.4908333,33.07977089,273.8244221,64.79150703,28.41111111,17.4,39.8,103.2222222
2004,Chukrasia_tabularis,27,377.4908333,33.00408419,224.2656073,95.76576626,28.41111111,17.4,39.8,103.2222222
2004,Toona_ciliata,8,377.4908333,3.791880497,236.7023539,87.99279965,28.41111111,17.4,39.8,103.2222222
2005,Afzelia_xylocarpa,27,379.7991667,33.28088206,178.113778,126.0533679,28.73333333,19.9,37.4,106.7777778
2005,Afzelia_xylocarpa,27,379.7991667,47.27591061,215.0293076,102.9811619,28.73333333,19.9,37.4,106.7777778
2005,Afzelia_xylocarpa,27,379.7991667,47.45301679,209.9651251,106.146276,28.73333333,19.9,37.4,106.7777778
2005,Melia_azedarach,27,379.7991667,107.6488089,235.5485528,90.15663366,28.73333333,19.9,37.4,106.7777778
2005,Melia_azedarach,8,379.7991667,18.58467159,267.6979308,70.06327244,28.73333333,19.9,37.4,106.7777778
2005,Afzelia_xylocarpa,27,379.7991667,31.2146741,237.4206568,88.98656869,28.73333333,19.9,37.4,106.7777778
2006,Toona_ciliata,27,381.9041667,62.26595792,241.4936717,87.75655932,28.33333333,18.7,38.1,101.8333333
2006,Toona_ciliata,27,381.9041667,33.54741126,215.6305214,103.9210283,28.33333333,18.7,38.1,101.8333333
2006,Toona_ciliata,27,381.9041667,57.1456782,230.8372597,94.41681684,28.33333333,18.7,38.1,101.8333333
2007,Afzelia_xylocarpa,27,383.7641667,37.43969982,221.6332594,101.331817,28.3375,20.4,37.8,98.375
2007,Chukrasia_tabularis,27,383.7641667,26.9047813,247.5818579,85.11394298,28.3375,20.4,37.8,98.375
2007,Chukrasia_tabularis,27,383.7641667,23.08547543,223.97659,99.86723543,28.3375,20.4,37.8,98.375
2007,Melia_azedarach,27,383.7641667,49.9123688,220.8291821,101.8343653,28.3375,20.4,37.8,98.375
2007,Melia_azedarach,27,383.7641667,85.60031579,238.3901766,90.85874376,28.3375,20.4,37.8,98.375
2007,Melia_azedarach,27,383.7641667,88.48371564,255.7718883,79.99517396,28.3375,20.4,37.8,98.375
2007,Toona_ciliata,27,383.7641667,44.24861558,237.1060823,91.66130271,28.3375,20.4,37.8,98.375
2007,Afzelia_xylocarpa,27,383.7641667,48.31589003,225.574644,98.86845165,28.3375,20.4,37.8,98.375
2008,Chukrasia_tabularis,27,385.585,21.60670785,242.720683,89.29019812,27.93,19.1,36.6,135.5
2008,Chukrasia_tabularis,27,385.585,22.56230905,227.7479967,98.64812704,27.93,19.1,36.6,135.5
2008,Chukrasia_tabularis,27,385.585,47.90107105,235.9521128,93.52055452,27.93,19.1,36.6,135.5
2008,Chukrasia_tabularis,27,385.585,23.45180648,230.4930985,96.93243844,27.93,19.1,36.6,135.5
2008,Chukrasia_tabularis,27,385.585,40.89856893,232.7578352,95.51697801,27.93,19.1,36.6,135.5
2008,Chukrasia_tabularis,27,385.585,38.6078904,249.0474965,85.33593971,27.93,19.1,36.6,135.5
2009,Toona_ciliata,27,387.3741667,19.70805871,273.1296261,71.40283782,28.46363636,20.1,36.6,128.7272727
2009,Chukrasia_tabularis,8,387.3741667,3.826397586,269.4291453,73.71563837,28.46363636,20.1,36.6,128.7272727
2009,Toona_ciliata,27,387.3741667,71.68266955,234.2202978,95.72116804,28.46363636,20.1,36.6,128.7272727
2009,Toona_ciliata,27,387.3741667,4.073321993,265.9665168,75.87978117,28.46363636,20.1,36.6,128.7272727
2010,Toona_ciliata,27,389.7766667,42.51871054,251.2341971,86.5890435,28.86363636,21.1,40.3,143.2727273
2010,Afzelia_xylocarpa,27,389.7766667,24.27609364,203.9502855,116.1414882,28.86363636,21.1,40.3,143.2727273
2010,Melia_azedarach,27,389.7766667,33.53629919,219.729322,106.2795904,28.86363636,21.1,40.3,143.2727273
2010,Melia_azedarach,27,389.7766667,79.72422717,248.7806239,88.12252675,28.86363636,21.1,40.3,143.2727273
2011,Toona_ciliata,27,389.7766667,31.17381797,233.0371459,97.96220045,27.475,18.6,35.2,129
2011,Toona_ciliata,8,389.7766667,8.085438094,287.4394819,63.9607405,27.475,18.6,35.2,129
